

set @ruleset = 'rptledger' 
;

delete from sys_rule_action_param where parentid in ( 
  select ra.objid 
  from sys_rule r, sys_rule_action ra 
  where r.ruleset=@ruleset and ra.parentid=r.objid 
)
;
delete from sys_rule_actiondef_param where parentid in ( 
  select ra.objid from sys_ruleset_actiondef rsa 
    inner join sys_rule_actiondef ra on ra.objid=rsa.actiondef 
  where rsa.ruleset=@ruleset
);
delete from sys_rule_actiondef where objid in ( 
  select actiondef from sys_ruleset_actiondef where ruleset=@ruleset 
);
delete from sys_rule_action where parentid in ( 
  select objid from sys_rule 
  where ruleset=@ruleset 
)
;
delete from sys_rule_condition_constraint where parentid in ( 
  select rc.objid 
  from sys_rule r, sys_rule_condition rc 
  where r.ruleset=@ruleset and rc.parentid=r.objid 
)
;
delete from sys_rule_condition_var where parentid in ( 
  select rc.objid 
  from sys_rule r, sys_rule_condition rc 
  where r.ruleset=@ruleset and rc.parentid=r.objid 
)
;
delete from sys_rule_condition where parentid in ( 
  select objid from sys_rule where ruleset=@ruleset 
)
;
delete from sys_rule_deployed where objid in ( 
  select objid from sys_rule where ruleset=@ruleset 
)
;
delete from sys_rule where ruleset=@ruleset 
;
delete from sys_ruleset_fact where ruleset=@ruleset
;
delete from sys_ruleset_actiondef where ruleset=@ruleset
;
delete from sys_rulegroup where ruleset=@ruleset 
;
delete from sys_ruleset where name=@ruleset 
;


set @ruleset = 'rptbilling' 
;

delete from sys_rule_action_param where parentid in ( 
  select ra.objid 
  from sys_rule r, sys_rule_action ra 
  where r.ruleset=@ruleset and ra.parentid=r.objid 
)
;
delete from sys_rule_actiondef_param where parentid in ( 
  select ra.objid from sys_ruleset_actiondef rsa 
    inner join sys_rule_actiondef ra on ra.objid=rsa.actiondef 
  where rsa.ruleset=@ruleset
);
delete from sys_rule_actiondef where objid in ( 
  select actiondef from sys_ruleset_actiondef where ruleset=@ruleset 
);
delete from sys_rule_action where parentid in ( 
  select objid from sys_rule 
  where ruleset=@ruleset 
)
;
delete from sys_rule_condition_constraint where parentid in ( 
  select rc.objid 
  from sys_rule r, sys_rule_condition rc 
  where r.ruleset=@ruleset and rc.parentid=r.objid 
)
;
delete from sys_rule_condition_var where parentid in ( 
  select rc.objid 
  from sys_rule r, sys_rule_condition rc 
  where r.ruleset=@ruleset and rc.parentid=r.objid 
)
;
delete from sys_rule_condition where parentid in ( 
  select objid from sys_rule where ruleset=@ruleset 
)
;
delete from sys_rule_deployed where objid in ( 
  select objid from sys_rule where ruleset=@ruleset 
)
;
delete from sys_rule where ruleset=@ruleset 
;
delete from sys_ruleset_fact where ruleset=@ruleset
;
delete from sys_ruleset_actiondef where ruleset=@ruleset
;
delete from sys_rulegroup where ruleset=@ruleset 
;
delete from sys_ruleset where name=@ruleset 
;

 set foreign_key_checks = 0
 ;


REPLACE INTO `sys_ruleset` (`name`, `title`, `packagename`, `domain`, `role`, `permission`) VALUES ('rptbilling', 'RPT Billing Rules', 'rptbilling', 'LANDTAX', 'RULE_AUTHOR', NULL);
REPLACE INTO `sys_ruleset` (`name`, `title`, `packagename`, `domain`, `role`, `permission`) VALUES ('rptledger', 'Ledger Billing Rules', 'rptledger', 'LANDTAX', 'RULE_AUTHOR', NULL);

REPLACE INTO `sys_rulegroup` (`name`, `ruleset`, `title`, `sortorder`) VALUES ('AFTER_DISCOUNT', 'rptbilling', 'After Discount Computation', '10');
REPLACE INTO `sys_rulegroup` (`name`, `ruleset`, `title`, `sortorder`) VALUES ('after_misc', 'rptbilling', 'After Misc Compputation', '17');
REPLACE INTO `sys_rulegroup` (`name`, `ruleset`, `title`, `sortorder`) VALUES ('AFTER_PENALTY', 'rptbilling', 'After Penalty Computation', '8');
REPLACE INTO `sys_rulegroup` (`name`, `ruleset`, `title`, `sortorder`) VALUES ('AFTER_SUMMARY', 'rptbilling', 'After Summary', '21');
REPLACE INTO `sys_rulegroup` (`name`, `ruleset`, `title`, `sortorder`) VALUES ('AFTER_TAX', 'rptledger', 'Post Tax Computation', '3');
REPLACE INTO `sys_rulegroup` (`name`, `ruleset`, `title`, `sortorder`) VALUES ('before_misc', 'rptbilling', 'Before Misc Computation', '15');
REPLACE INTO `sys_rulegroup` (`name`, `ruleset`, `title`, `sortorder`) VALUES ('BEFORE_SUMMARY', 'rptbilling', 'Before Summary ', '19');
REPLACE INTO `sys_rulegroup` (`name`, `ruleset`, `title`, `sortorder`) VALUES ('DISCOUNT', 'rptbilling', 'Discount Computation', '9');
REPLACE INTO `sys_rulegroup` (`name`, `ruleset`, `title`, `sortorder`) VALUES ('INIT', 'rptbilling', 'Init', '0');
REPLACE INTO `sys_rulegroup` (`name`, `ruleset`, `title`, `sortorder`) VALUES ('INIT', 'rptledger', 'Init', '0');
REPLACE INTO `sys_rulegroup` (`name`, `ruleset`, `title`, `sortorder`) VALUES ('LEDGER_ITEM', 'rptledger', 'Ledger Item Posting', '1');
REPLACE INTO `sys_rulegroup` (`name`, `ruleset`, `title`, `sortorder`) VALUES ('misc', 'rptbilling', 'Misc Computation', '16');
REPLACE INTO `sys_rulegroup` (`name`, `ruleset`, `title`, `sortorder`) VALUES ('PENALTY', 'rptbilling', 'Penalty Computation', '7');
REPLACE INTO `sys_rulegroup` (`name`, `ruleset`, `title`, `sortorder`) VALUES ('SUMMARY', 'rptbilling', 'Summary', '20');
REPLACE INTO `sys_rulegroup` (`name`, `ruleset`, `title`, `sortorder`) VALUES ('TAX', 'rptledger', 'Tax Computation', '2');

REPLACE INTO `sys_ruleset_actiondef` (`ruleset`, `actiondef`) VALUES ('rptledger', 'rptis.landtax.actions.AddBasic');
REPLACE INTO `sys_ruleset_actiondef` (`ruleset`, `actiondef`) VALUES ('rptbilling', 'rptis.landtax.actions.AddBillItem');
REPLACE INTO `sys_ruleset_actiondef` (`ruleset`, `actiondef`) VALUES ('rptledger', 'rptis.landtax.actions.AddFireCode');
REPLACE INTO `sys_ruleset_actiondef` (`ruleset`, `actiondef`) VALUES ('rptledger', 'rptis.landtax.actions.AddIdleLand');
REPLACE INTO `sys_ruleset_actiondef` (`ruleset`, `actiondef`) VALUES ('rptledger', 'rptis.landtax.actions.AddSef');
REPLACE INTO `sys_ruleset_actiondef` (`ruleset`, `actiondef`) VALUES ('rptbilling', 'rptis.landtax.actions.AddShare');
REPLACE INTO `sys_ruleset_actiondef` (`ruleset`, `actiondef`) VALUES ('rptledger', 'rptis.landtax.actions.AddSocialHousing');
REPLACE INTO `sys_ruleset_actiondef` (`ruleset`, `actiondef`) VALUES ('rptbilling', 'rptis.landtax.actions.AggregateLedgerItem');
REPLACE INTO `sys_ruleset_actiondef` (`ruleset`, `actiondef`) VALUES ('rptbilling', 'rptis.landtax.actions.CalcDiscount');
REPLACE INTO `sys_ruleset_actiondef` (`ruleset`, `actiondef`) VALUES ('rptbilling', 'rptis.landtax.actions.CalcInterest');
REPLACE INTO `sys_ruleset_actiondef` (`ruleset`, `actiondef`) VALUES ('rptledger', 'rptis.landtax.actions.CalcTax');
REPLACE INTO `sys_ruleset_actiondef` (`ruleset`, `actiondef`) VALUES ('rptbilling', 'rptis.landtax.actions.CreateTaxSummary');
REPLACE INTO `sys_ruleset_actiondef` (`ruleset`, `actiondef`) VALUES ('rptbilling', 'rptis.landtax.actions.RemoveLedgerItem');
REPLACE INTO `sys_ruleset_actiondef` (`ruleset`, `actiondef`) VALUES ('rptbilling', 'rptis.landtax.actions.SetBillExpiryDate');
REPLACE INTO `sys_ruleset_actiondef` (`ruleset`, `actiondef`) VALUES ('rptbilling', 'rptis.landtax.actions.SplitByQtr');
REPLACE INTO `sys_ruleset_actiondef` (`ruleset`, `actiondef`) VALUES ('rptbilling', 'rptis.landtax.actions.SplitLedgerItem');
REPLACE INTO `sys_ruleset_actiondef` (`ruleset`, `actiondef`) VALUES ('rptledger', 'rptis.landtax.actions.UpdateAV');

REPLACE INTO `sys_ruleset_fact` (`ruleset`, `rulefact`) VALUES ('rptbilling', 'CurrentDate');
REPLACE INTO `sys_ruleset_fact` (`ruleset`, `rulefact`) VALUES ('rptledger', 'rptis.landtax.facts.AssessedValue');
REPLACE INTO `sys_ruleset_fact` (`ruleset`, `rulefact`) VALUES ('rptbilling', 'rptis.landtax.facts.Bill');
REPLACE INTO `sys_ruleset_fact` (`ruleset`, `rulefact`) VALUES ('rptledger', 'rptis.landtax.facts.Classification');
REPLACE INTO `sys_ruleset_fact` (`ruleset`, `rulefact`) VALUES ('rptbilling', 'rptis.landtax.facts.RPTBillItem');
REPLACE INTO `sys_ruleset_fact` (`ruleset`, `rulefact`) VALUES ('rptbilling', 'rptis.landtax.facts.RPTIncentive');
REPLACE INTO `sys_ruleset_fact` (`ruleset`, `rulefact`) VALUES ('rptbilling', 'rptis.landtax.facts.RPTLedgerFact');
REPLACE INTO `sys_ruleset_fact` (`ruleset`, `rulefact`) VALUES ('rptledger', 'rptis.landtax.facts.RPTLedgerFact');
REPLACE INTO `sys_ruleset_fact` (`ruleset`, `rulefact`) VALUES ('rptbilling', 'rptis.landtax.facts.RPTLedgerItemFact');
REPLACE INTO `sys_ruleset_fact` (`ruleset`, `rulefact`) VALUES ('rptledger', 'rptis.landtax.facts.RPTLedgerItemFact');
REPLACE INTO `sys_ruleset_fact` (`ruleset`, `rulefact`) VALUES ('rptbilling', 'rptis.landtax.facts.RPTLedgerTaxSummaryFact');
REPLACE INTO `sys_ruleset_fact` (`ruleset`, `rulefact`) VALUES ('rptbilling', 'rptis.landtax.facts.ShareFact');

REPLACE INTO `sys_rule` (`objid`, `state`, `name`, `ruleset`, `rulegroup`, `title`, `description`, `salience`, `effectivefrom`, `effectiveto`, `dtfiled`, `user_objid`, `user_name`, `noloop`, `ukey`, `_ukey`) VALUES ('RUL-1a2d6e9b:1692d429304:-7779', 'DEPLOYED', 'BASIC_AND_SEF', 'rptledger', 'LEDGER_ITEM', 'BASIC_AND_SEF', NULL, '50000', NULL, NULL, '2019-02-27 12:48:06', 'USR-12b70fa0:16929d068ad:-7e8e', 'LANDTAX', '1', '', 'RUL-1a2d6e9b:1692d429304:-7779');
REPLACE INTO `sys_rule` (`objid`, `state`, `name`, `ruleset`, `rulegroup`, `title`, `description`, `salience`, `effectivefrom`, `effectiveto`, `dtfiled`, `user_objid`, `user_name`, `noloop`, `ukey`, `_ukey`) VALUES ('RUL-2ede6703:16642adb9ce:-7ba0', 'DEPLOYED', 'EXPIRY_ADVANCE_BILLING', 'rptbilling', 'BEFORE_SUMMARY', 'EXPIRY ADVANCE BILLING', NULL, '5000', NULL, NULL, '2018-10-05 01:28:47', 'USR6bd70b1f:1662cdef89a:-7e3e', 'RAMESES', '1', '', 'RUL-2ede6703:16642adb9ce:-7ba0');
REPLACE INTO `sys_rule` (`objid`, `state`, `name`, `ruleset`, `rulegroup`, `title`, `description`, `salience`, `effectivefrom`, `effectiveto`, `dtfiled`, `user_objid`, `user_name`, `noloop`, `ukey`, `_ukey`) VALUES ('RUL1262ad19:166ae41b1fb:-7c88', 'DEPLOYED', 'TOTAL_PREVIOUS', 'rptbilling', 'SUMMARY', 'TOTAL PREVIOUS', NULL, '50000', NULL, NULL, '2018-10-25 22:55:00', 'USR6de55768:158e0e57805:-74f2', 'ADMIN', '1', '', 'RUL1262ad19:166ae41b1fb:-7c88');
REPLACE INTO `sys_rule` (`objid`, `state`, `name`, `ruleset`, `rulegroup`, `title`, `description`, `salience`, `effectivefrom`, `effectiveto`, `dtfiled`, `user_objid`, `user_name`, `noloop`, `ukey`, `_ukey`) VALUES ('RUL2372be5b:17b4cb61bed:-418b', 'DEPLOYED', 'SPLIT_QTR', 'rptbilling', 'INIT', 'SPLIT QTR', NULL, '50000', NULL, NULL, '2021-08-16 10:29:49', 'USR7e15465b:14a51353b1a:-7fb7', 'ADMIN', '1', '', 'RUL2372be5b:17b4cb61bed:-418b');
REPLACE INTO `sys_rule` (`objid`, `state`, `name`, `ruleset`, `rulegroup`, `title`, `description`, `salience`, `effectivefrom`, `effectiveto`, `dtfiled`, `user_objid`, `user_name`, `noloop`, `ukey`, `_ukey`) VALUES ('RUL2372be5b:17b4cb61bed:-79ec', 'DEPLOYED', 'PENALTY_1992_LESS_CY', 'rptbilling', 'PENALTY', 'PENALTY 1992 LESS CY', NULL, '50000', NULL, NULL, '2021-08-16 10:11:55', 'USR7e15465b:14a51353b1a:-7fb7', 'ADMIN', '1', '', 'RUL2372be5b:17b4cb61bed:-79ec');
REPLACE INTO `sys_rule` (`objid`, `state`, `name`, `ruleset`, `rulegroup`, `title`, `description`, `salience`, `effectivefrom`, `effectiveto`, `dtfiled`, `user_objid`, `user_name`, `noloop`, `ukey`, `_ukey`) VALUES ('RUL2372be5b:17b4cb61bed:-7cda', 'DEPLOYED', 'PENALTY_1973_DOWN', 'rptbilling', 'PENALTY', 'PENALTY 1973 DOWN', NULL, '50000', NULL, NULL, '2021-08-16 10:09:54', 'USR7e15465b:14a51353b1a:-7fb7', 'ADMIN', '1', '', 'RUL2372be5b:17b4cb61bed:-7cda');
REPLACE INTO `sys_rule` (`objid`, `state`, `name`, `ruleset`, `rulegroup`, `title`, `description`, `salience`, `effectivefrom`, `effectiveto`, `dtfiled`, `user_objid`, `user_name`, `noloop`, `ukey`, `_ukey`) VALUES ('RUL3073752b:184b21f9c7c:-5a93', 'DEPLOYED', 'DISCOUNT_ADVANCE', 'rptbilling', 'DISCOUNT', 'DISCOUNT ADVANCE', NULL, '50000', NULL, NULL, '2022-11-26 13:59:10', 'USR-1b82c604:14cc29913bb:-7fec', 'ADMIN', '1', '', NULL);
REPLACE INTO `sys_rule` (`objid`, `state`, `name`, `ruleset`, `rulegroup`, `title`, `description`, `salience`, `effectivefrom`, `effectiveto`, `dtfiled`, `user_objid`, `user_name`, `noloop`, `ukey`, `_ukey`) VALUES ('RUL3073752b:184b21f9c7c:-5b90', 'DEPLOYED', 'DISCOUNT_PROMPT_PAYMENT', 'rptbilling', 'DISCOUNT', 'DISCOUNT PROMPT PAYMENT', NULL, '50000', NULL, NULL, '2022-11-26 13:57:58', 'USR-1b82c604:14cc29913bb:-7fec', 'ADMIN', '1', '', NULL);
REPLACE INTO `sys_rule` (`objid`, `state`, `name`, `ruleset`, `rulegroup`, `title`, `description`, `salience`, `effectivefrom`, `effectiveto`, `dtfiled`, `user_objid`, `user_name`, `noloop`, `ukey`, `_ukey`) VALUES ('RUL3073752b:184b21f9c7c:-60db', 'DEPLOYED', 'PENALTY_ZERO_PANOGALINOG', 'rptbilling', 'AFTER_PENALTY', 'PENALTY ZERO PANOGALINOG', NULL, '50000', NULL, NULL, '2022-11-26 13:53:55', 'USR-1b82c604:14cc29913bb:-7fec', 'ADMIN', '1', '', NULL);
REPLACE INTO `sys_rule` (`objid`, `state`, `name`, `ruleset`, `rulegroup`, `title`, `description`, `salience`, `effectivefrom`, `effectiveto`, `dtfiled`, `user_objid`, `user_name`, `noloop`, `ukey`, `_ukey`) VALUES ('RUL3073752b:184b21f9c7c:-62ee', 'DEPLOYED', 'PENALTY_ZERO_2020_3RDQTR', 'rptbilling', 'AFTER_PENALTY', 'PENALTY ZERO 2020 3RDQTR', NULL, '50000', NULL, NULL, '2022-11-26 13:52:44', 'USR-1b82c604:14cc29913bb:-7fec', 'ADMIN', '1', '', NULL);
REPLACE INTO `sys_rule` (`objid`, `state`, `name`, `ruleset`, `rulegroup`, `title`, `description`, `salience`, `effectivefrom`, `effectiveto`, `dtfiled`, `user_objid`, `user_name`, `noloop`, `ukey`, `_ukey`) VALUES ('RUL3073752b:184b21f9c7c:-642c', 'DEPLOYED', 'PENALTY_BACKTAX_ADJUSTMENT', 'rptbilling', 'AFTER_PENALTY', 'PENALTY BACKTAX ADJUSTMENT', NULL, '50000', NULL, NULL, '2022-11-26 13:51:36', 'USR-1b82c604:14cc29913bb:-7fec', 'ADMIN', '1', '', NULL);
REPLACE INTO `sys_rule` (`objid`, `state`, `name`, `ruleset`, `rulegroup`, `title`, `description`, `salience`, `effectivefrom`, `effectiveto`, `dtfiled`, `user_objid`, `user_name`, `noloop`, `ukey`, `_ukey`) VALUES ('RUL3073752b:184b21f9c7c:-650c', 'DEPLOYED', 'PENALTY_1974_TO_1985', 'rptbilling', 'PENALTY', 'PENALTY 1974 TO 1985', NULL, '50000', NULL, NULL, '2022-11-26 13:50:44', 'USR-1b82c604:14cc29913bb:-7fec', 'ADMIN', '1', '', NULL);
REPLACE INTO `sys_rule` (`objid`, `state`, `name`, `ruleset`, `rulegroup`, `title`, `description`, `salience`, `effectivefrom`, `effectiveto`, `dtfiled`, `user_objid`, `user_name`, `noloop`, `ukey`, `_ukey`) VALUES ('RUL3073752b:184b21f9c7c:-67cb', 'DEPLOYED', 'PENALTY_1986_TO_1991', 'rptbilling', 'PENALTY', 'PENALTY 1986 TO 1991', NULL, '50000', NULL, NULL, '2022-11-26 13:49:13', 'USR-1b82c604:14cc29913bb:-7fec', 'ADMIN', '1', '', NULL);
REPLACE INTO `sys_rule` (`objid`, `state`, `name`, `ruleset`, `rulegroup`, `title`, `description`, `salience`, `effectivefrom`, `effectiveto`, `dtfiled`, `user_objid`, `user_name`, `noloop`, `ukey`, `_ukey`) VALUES ('RUL3073752b:184b21f9c7c:-76c0', 'DEPLOYED', 'SEF_TAX_SACASUNSOL', 'rptledger', 'AFTER_TAX', 'SEF TAX (SACASUNSOL)', NULL, '50000', NULL, NULL, '2022-11-26 13:42:59', 'USR-1b82c604:14cc29913bb:-7fec', 'ADMIN', '1', '', NULL);
REPLACE INTO `sys_rule` (`objid`, `state`, `name`, `ruleset`, `rulegroup`, `title`, `description`, `salience`, `effectivefrom`, `effectiveto`, `dtfiled`, `user_objid`, `user_name`, `noloop`, `ukey`, `_ukey`) VALUES ('RUL483027b0:16be9375c61:-77e6', 'DEPLOYED', 'BASIC_AND_SEF_TAX', 'rptledger', 'TAX', 'BASIC AND SEF TAX', NULL, '50000', NULL, NULL, '2019-07-13 10:51:37', 'USR-ADMIN', 'ADMIN', '1', '', 'RUL483027b0:16be9375c61:-77e6');
REPLACE INTO `sys_rule` (`objid`, `state`, `name`, `ruleset`, `rulegroup`, `title`, `description`, `salience`, `effectivefrom`, `effectiveto`, `dtfiled`, `user_objid`, `user_name`, `noloop`, `ukey`, `_ukey`) VALUES ('RUL7c9b26f3:17c2a7f2220:-737c', 'DEPLOYED', 'PENALTY_CY', 'rptbilling', 'PENALTY', 'PENALTY CY', NULL, '50000', NULL, NULL, '2021-09-28 12:00:07', 'USR7e15465b:14a51353b1a:-7fb7', 'ADMIN', '1', '', 'RUL7c9b26f3:17c2a7f2220:-737c');
REPLACE INTO `sys_rule` (`objid`, `state`, `name`, `ruleset`, `rulegroup`, `title`, `description`, `salience`, `effectivefrom`, `effectiveto`, `dtfiled`, `user_objid`, `user_name`, `noloop`, `ukey`, `_ukey`) VALUES ('RUL7e02b404:166ae687f42:-5511', 'DEPLOYED', 'PENALTY_CURRENT_YEAR', 'rptbilling', 'PENALTY', 'PENALTY_CURRENT_YEAR', NULL, '50000', NULL, NULL, '2018-10-25 23:53:42', 'USR6de55768:158e0e57805:-74f2', 'ADMIN', '1', '', 'RUL7e02b404:166ae687f42:-5511');
REPLACE INTO `sys_rule` (`objid`, `state`, `name`, `ruleset`, `rulegroup`, `title`, `description`, `salience`, `effectivefrom`, `effectiveto`, `dtfiled`, `user_objid`, `user_name`, `noloop`, `ukey`, `_ukey`) VALUES ('RULec9d7ab:166235c2e16:-255e', 'DEPLOYED', 'BUILD_BILL_ITEMS', 'rptbilling', 'AFTER_SUMMARY', 'BUILD BILL ITEMS', NULL, '50000', NULL, NULL, '2018-09-29 00:27:14', 'USR-ADMIN', 'ADMIN', '1', '', 'RULec9d7ab:166235c2e16:-255e');
REPLACE INTO `sys_rule` (`objid`, `state`, `name`, `ruleset`, `rulegroup`, `title`, `description`, `salience`, `effectivefrom`, `effectiveto`, `dtfiled`, `user_objid`, `user_name`, `noloop`, `ukey`, `_ukey`) VALUES ('RULec9d7ab:166235c2e16:-26bf', 'DEPLOYED', 'TOTAL_ADVANCE', 'rptbilling', 'SUMMARY', 'TOTAL ADVANCE', NULL, '50000', NULL, NULL, '2018-09-29 00:26:00', 'USR-ADMIN', 'ADMIN', '1', '', 'RULec9d7ab:166235c2e16:-26bf');
REPLACE INTO `sys_rule` (`objid`, `state`, `name`, `ruleset`, `rulegroup`, `title`, `description`, `salience`, `effectivefrom`, `effectiveto`, `dtfiled`, `user_objid`, `user_name`, `noloop`, `ukey`, `_ukey`) VALUES ('RULec9d7ab:166235c2e16:-26d0', 'DEPLOYED', 'TOTAL_CURRENT', 'rptbilling', 'SUMMARY', 'TOTAL_CURRENT', NULL, '50000', NULL, NULL, '2018-09-29 00:25:49', 'USR-ADMIN', 'ADMIN', '1', '', 'RULec9d7ab:166235c2e16:-26d0');
REPLACE INTO `sys_rule` (`objid`, `state`, `name`, `ruleset`, `rulegroup`, `title`, `description`, `salience`, `effectivefrom`, `effectiveto`, `dtfiled`, `user_objid`, `user_name`, `noloop`, `ukey`, `_ukey`) VALUES ('RULec9d7ab:166235c2e16:-2f1f', 'DEPLOYED', 'EXPIRY_DATE_DEFAULT', 'rptbilling', 'BEFORE_SUMMARY', 'EXPIRY DATE DEFAULT', NULL, '10000', NULL, NULL, '2018-09-29 00:17:38', 'USR-ADMIN', 'ADMIN', '1', '', 'RULec9d7ab:166235c2e16:-2f1f');
REPLACE INTO `sys_rule` (`objid`, `state`, `name`, `ruleset`, `rulegroup`, `title`, `description`, `salience`, `effectivefrom`, `effectiveto`, `dtfiled`, `user_objid`, `user_name`, `noloop`, `ukey`, `_ukey`) VALUES ('RULec9d7ab:166235c2e16:-319f', 'DEPLOYED', 'EXPIRY_DATE_ADVANCE_YEAR', 'rptbilling', 'BEFORE_SUMMARY', 'EXPIRY_DATE_ADVANCE_YEAR', NULL, '5000', NULL, NULL, '2018-09-29 00:14:01', 'USR-ADMIN', 'ADMIN', '1', '', 'RULec9d7ab:166235c2e16:-319f');
REPLACE INTO `sys_rule` (`objid`, `state`, `name`, `ruleset`, `rulegroup`, `title`, `description`, `salience`, `effectivefrom`, `effectiveto`, `dtfiled`, `user_objid`, `user_name`, `noloop`, `ukey`, `_ukey`) VALUES ('RULec9d7ab:166235c2e16:-3811', 'DEPLOYED', 'SPLIT_QUARTERLY_BILLED_ITEMS', 'rptbilling', 'BEFORE_SUMMARY', 'SPLIT QUARTERLY BILLED ITEMS', NULL, '50000', NULL, NULL, '2018-09-29 00:07:10', 'USR-ADMIN', 'ADMIN', '1', '', 'RULec9d7ab:166235c2e16:-3811');

REPLACE INTO `sys_rule_deployed` (`objid`, `ruletext`) VALUES ('RUL-1a2d6e9b:1692d429304:-7779', '\npackage rptledger.BASIC_AND_SEF;\nimport rptledger.*;\nimport java.util.*;\nimport com.rameses.rules.common.*;\n\nglobal RuleAction action;\n\nrule \"BASIC_AND_SEF\"\n	agenda-group \"LEDGER_ITEM\"\n	salience 50000\n	no-loop\n	when\n		\n		\n		AVINFO: rptis.landtax.facts.AssessedValue (  YR:year,AV:av ) \n		\n	then\n		Map bindings = new HashMap();\n		\n		bindings.put(\"AVINFO\", AVINFO );\n		\n		bindings.put(\"YR\", YR );\n		\n		bindings.put(\"AV\", AV );\n		\n	Map _p0 = new HashMap();\r\n_p0.put( \"avfact\", AVINFO );\r\n_p0.put( \"year\", YR );\r\n_p0.put( \"av\", (new ActionExpression(\"AV\", bindings)) );\r\naction.execute( \"add-sef\",_p0,drools);\r\nMap _p1 = new HashMap();\r\n_p1.put( \"avfact\", AVINFO );\r\n_p1.put( \"year\", YR );\r\n_p1.put( \"av\", (new ActionExpression(\"AV\", bindings)) );\r\naction.execute( \"add-basic\",_p1,drools);\r\n\nend\n\n\n	');
REPLACE INTO `sys_rule_deployed` (`objid`, `ruletext`) VALUES ('RUL-2ede6703:16642adb9ce:-7ba0', '\npackage rptbilling.EXPIRY_ADVANCE_BILLING;\nimport rptbilling.*;\nimport java.util.*;\nimport com.rameses.rules.common.*;\n\nglobal RuleAction action;\n\nrule \"EXPIRY_ADVANCE_BILLING\"\n	agenda-group \"BEFORE_SUMMARY\"\n	salience 5000\n	no-loop\n	when\n		\n		\n		BILL: rptis.landtax.facts.Bill (  advancebill == true ,BILLDATE:billdate ) \n		\n	then\n		Map bindings = new HashMap();\n		\n		bindings.put(\"BILL\", BILL );\n		\n		bindings.put(\"BILLDATE\", BILLDATE );\n		\n	Map _p0 = new HashMap();\n_p0.put( \"bill\", BILL );\n_p0.put( \"expr\", (new ActionExpression(\"@MONTHEND( BILLDATE )\", bindings)) );\naction.execute( \"set-bill-expiry\",_p0,drools);\n\nend\n\n\n	');
REPLACE INTO `sys_rule_deployed` (`objid`, `ruletext`) VALUES ('RUL1262ad19:166ae41b1fb:-7c88', '\npackage rptbilling.TOTAL_PREVIOUS;\nimport rptbilling.*;\nimport java.util.*;\nimport com.rameses.rules.common.*;\n\nglobal RuleAction action;\n\nrule \"TOTAL_PREVIOUS\"\n	agenda-group \"SUMMARY\"\n	salience 50000\n	no-loop\n	when\n		\n		\n		 CurrentDate (  CY:year ) \n		\n		RLI: rptis.landtax.facts.RPTLedgerItemFact (  year < CY ) \n		\n	then\n		Map bindings = new HashMap();\n		\n		bindings.put(\"CY\", CY );\n		\n		bindings.put(\"RLI\", RLI );\n		\n	Map _p0 = new HashMap();\n_p0.put( \"rptledgeritem\", RLI );\n_p0.put( \"revperiod\", \"previous\" );\naction.execute( \"create-tax-summary\",_p0,drools);\n\nend\n\n\n	');
REPLACE INTO `sys_rule_deployed` (`objid`, `ruletext`) VALUES ('RUL2372be5b:17b4cb61bed:-418b', '\npackage rptbilling.SPLIT_QTR;\nimport rptbilling.*;\nimport java.util.*;\nimport com.rameses.rules.common.*;\n\nglobal RuleAction action;\n\nrule \"SPLIT_QTR\"\n	agenda-group \"INIT\"\n	salience 50000\n	no-loop\n	when\n		\n		\n		RLI: rptis.landtax.facts.RPTLedgerItemFact (   ) \n		\n	then\n		Map bindings = new HashMap();\n		\n		bindings.put(\"RLI\", RLI );\n		\n	Map _p0 = new HashMap();\r\n_p0.put( \"rptledgeritem\", RLI );\r\naction.execute( \"split-by-qtr\",_p0,drools);\r\n\nend\n\n\n	');
REPLACE INTO `sys_rule_deployed` (`objid`, `ruletext`) VALUES ('RUL2372be5b:17b4cb61bed:-79ec', '\npackage rptbilling.PENALTY_1992_LESS_CY;\nimport rptbilling.*;\nimport java.util.*;\nimport com.rameses.rules.common.*;\n\nglobal RuleAction action;\n\nrule \"PENALTY_1992_LESS_CY\"\n	agenda-group \"PENALTY\"\n	salience 50000\n	no-loop\n	when\n		\n		\n		 CurrentDate (  CY:year ) \n		\n		RLI: rptis.landtax.facts.RPTLedgerItemFact (  year < CY,TAX:amtdue,NMON:monthsfromjan,year >= 1992 ) \n		\n	then\n		Map bindings = new HashMap();\n		\n		bindings.put(\"CY\", CY );\n		\n		bindings.put(\"RLI\", RLI );\n		\n		bindings.put(\"TAX\", TAX );\n		\n		bindings.put(\"NMON\", NMON );\n		\n	Map _p0 = new HashMap();\n_p0.put( \"rptledgeritem\", RLI );\n_p0.put( \"expr\", (new ActionExpression(\"@IIF(  NMON * 0.02 > 0.72,  TAX * 0.72 , NMON * 0.02 * TAX  )\", bindings)) );\naction.execute( \"calc-interest\",_p0,drools);\n\nend\n\n\n	');
REPLACE INTO `sys_rule_deployed` (`objid`, `ruletext`) VALUES ('RUL2372be5b:17b4cb61bed:-7cda', '\npackage rptbilling.PENALTY_1973_DOWN;\nimport rptbilling.*;\nimport java.util.*;\nimport com.rameses.rules.common.*;\n\nglobal RuleAction action;\n\nrule \"PENALTY_1973_DOWN\"\n	agenda-group \"PENALTY\"\n	salience 50000\n	no-loop\n	when\n		\n		\n		RLI: rptis.landtax.facts.RPTLedgerItemFact (  year <= 1973,TAX:amtdue ) \n		\n	then\n		Map bindings = new HashMap();\n		\n		bindings.put(\"RLI\", RLI );\n		\n		bindings.put(\"TAX\", TAX );\n		\n	Map _p0 = new HashMap();\n_p0.put( \"rptledgeritem\", RLI );\n_p0.put( \"expr\", (new ActionExpression(\"TAX * 0.12\", bindings)) );\naction.execute( \"calc-interest\",_p0,drools);\n\nend\n\n\n	');
REPLACE INTO `sys_rule_deployed` (`objid`, `ruletext`) VALUES ('RUL3073752b:184b21f9c7c:-5a93', '\npackage rptbilling.DISCOUNT_ADVANCE;\nimport rptbilling.*;\nimport java.util.*;\nimport com.rameses.rules.common.*;\n\nglobal RuleAction action;\n\nrule \"DISCOUNT_ADVANCE\"\n	agenda-group \"DISCOUNT\"\n	salience 50000\n	no-loop\n	when\n		\n		\n		 CurrentDate (  CY:year ) \n		\n		RLI: rptis.landtax.facts.RPTLedgerItemFact (  year > CY,TAX:amtdue ) \n		\n	then\n		Map bindings = new HashMap();\n		\n		bindings.put(\"CY\", CY );\n		\n		bindings.put(\"RLI\", RLI );\n		\n		bindings.put(\"TAX\", TAX );\n		\n	Map _p0 = new HashMap();\r\n_p0.put( \"rptledgeritem\", RLI );\r\n_p0.put( \"expr\", (new ActionExpression(\"TAX * 0.10\", bindings)) );\r\naction.execute( \"calc-discount\",_p0,drools);\r\n\nend\n\n\n	');
REPLACE INTO `sys_rule_deployed` (`objid`, `ruletext`) VALUES ('RUL3073752b:184b21f9c7c:-5b90', '\npackage rptbilling.DISCOUNT_PROMPT_PAYMENT;\nimport rptbilling.*;\nimport java.util.*;\nimport com.rameses.rules.common.*;\n\nglobal RuleAction action;\n\nrule \"DISCOUNT_PROMPT_PAYMENT\"\n	agenda-group \"DISCOUNT\"\n	salience 50000\n	no-loop\n	when\n		\n		\n		 CurrentDate (  CY:year,CQTR:qtr ) \n		\n		RLI: rptis.landtax.facts.RPTLedgerItemFact (  year == CY,qtr >= CQTR,TAX:amtdue ) \n		\n	then\n		Map bindings = new HashMap();\n		\n		bindings.put(\"CY\", CY );\n		\n		bindings.put(\"RLI\", RLI );\n		\n		bindings.put(\"CQTR\", CQTR );\n		\n		bindings.put(\"TAX\", TAX );\n		\n	Map _p0 = new HashMap();\r\n_p0.put( \"rptledgeritem\", RLI );\r\n_p0.put( \"expr\", (new ActionExpression(\"TAX * 0.10\", bindings)) );\r\naction.execute( \"calc-discount\",_p0,drools);\r\n\nend\n\n\n	');
REPLACE INTO `sys_rule_deployed` (`objid`, `ruletext`) VALUES ('RUL3073752b:184b21f9c7c:-60db', '\npackage rptbilling.PENALTY_ZERO_PANOGALINOG;\nimport rptbilling.*;\nimport java.util.*;\nimport com.rameses.rules.common.*;\n\nglobal RuleAction action;\n\nrule \"PENALTY_ZERO_PANOGALINOG\"\n	agenda-group \"AFTER_PENALTY\"\n	salience 50000\n	no-loop\n	when\n		\n		\n		RL: rptis.landtax.facts.RPTLedgerFact (  objid matches \"RPTL-63aab285:13140dcdbcd:6086\" ) \n		\n		RLI: rptis.landtax.facts.RPTLedgerItemFact (  year > 2019,year <= 2022 ) \n		\n	then\n		Map bindings = new HashMap();\n		\n		bindings.put(\"RL\", RL );\n		\n		bindings.put(\"RLI\", RLI );\n		\n	Map _p0 = new HashMap();\r\n_p0.put( \"rptledgeritem\", RLI );\r\n_p0.put( \"expr\", (new ActionExpression(\"0\", bindings)) );\r\naction.execute( \"calc-interest\",_p0,drools);\r\n\nend\n\n\n	');
REPLACE INTO `sys_rule_deployed` (`objid`, `ruletext`) VALUES ('RUL3073752b:184b21f9c7c:-62ee', '\npackage rptbilling.PENALTY_ZERO_2020_3RDQTR;\nimport rptbilling.*;\nimport java.util.*;\nimport com.rameses.rules.common.*;\n\nglobal RuleAction action;\n\nrule \"PENALTY_ZERO_2020_3RDQTR\"\n	agenda-group \"AFTER_PENALTY\"\n	salience 50000\n	no-loop\n	when\n		\n		\n		RLI: rptis.landtax.facts.RPTLedgerItemFact (  year == 2020,qtr == 3 ) \n		\n	then\n		Map bindings = new HashMap();\n		\n		bindings.put(\"RLI\", RLI );\n		\n	Map _p0 = new HashMap();\r\n_p0.put( \"rptledgeritem\", RLI );\r\n_p0.put( \"expr\", (new ActionExpression(\"0\", bindings)) );\r\naction.execute( \"calc-interest\",_p0,drools);\r\n\nend\n\n\n	');
REPLACE INTO `sys_rule_deployed` (`objid`, `ruletext`) VALUES ('RUL3073752b:184b21f9c7c:-642c', '\npackage rptbilling.PENALTY_BACKTAX_ADJUSTMENT;\nimport rptbilling.*;\nimport java.util.*;\nimport com.rameses.rules.common.*;\n\nglobal RuleAction action;\n\nrule \"PENALTY_BACKTAX_ADJUSTMENT\"\n	agenda-group \"AFTER_PENALTY\"\n	salience 50000\n	no-loop\n	when\n		\n		\n		RLI: rptis.landtax.facts.RPTLedgerItemFact (  backtax == true  ) \n		\n		RL: rptis.landtax.facts.RPTLedgerFact (  rputype matches \"land|mach\" ) \n		\n	then\n		Map bindings = new HashMap();\n		\n		bindings.put(\"RLI\", RLI );\n		\n		bindings.put(\"RL\", RL );\n		\n	Map _p0 = new HashMap();\r\n_p0.put( \"rptledgeritem\", RLI );\r\n_p0.put( \"expr\", (new ActionExpression(\"0\", bindings)) );\r\naction.execute( \"calc-interest\",_p0,drools);\r\n\nend\n\n\n	');
REPLACE INTO `sys_rule_deployed` (`objid`, `ruletext`) VALUES ('RUL3073752b:184b21f9c7c:-650c', '\npackage rptbilling.PENALTY_1974_TO_1985;\nimport rptbilling.*;\nimport java.util.*;\nimport com.rameses.rules.common.*;\n\nglobal RuleAction action;\n\nrule \"PENALTY_1974_TO_1985\"\n	agenda-group \"PENALTY\"\n	salience 50000\n	no-loop\n	when\n		\n		\n		RLI: rptis.landtax.facts.RPTLedgerItemFact (  year >= 1974,TAX:amtdue,year <= 1985 ) \n		\n	then\n		Map bindings = new HashMap();\n		\n		bindings.put(\"RLI\", RLI );\n		\n		bindings.put(\"TAX\", TAX );\n		\n	Map _p0 = new HashMap();\r\n_p0.put( \"rptledgeritem\", RLI );\r\n_p0.put( \"expr\", (new ActionExpression(\"TAX * 0.24\", bindings)) );\r\naction.execute( \"calc-interest\",_p0,drools);\r\n\nend\n\n\n	');
REPLACE INTO `sys_rule_deployed` (`objid`, `ruletext`) VALUES ('RUL3073752b:184b21f9c7c:-67cb', '\npackage rptbilling.PENALTY_1986_TO_1991;\nimport rptbilling.*;\nimport java.util.*;\nimport com.rameses.rules.common.*;\n\nglobal RuleAction action;\n\nrule \"PENALTY_1986_TO_1991\"\n	agenda-group \"PENALTY\"\n	salience 50000\n	no-loop\n	when\n		\n		\n		RLI: rptis.landtax.facts.RPTLedgerItemFact (  year >= 1986,TAX:amtdue,year <= 1991,NMON:monthsfromqtr ) \n		\n	then\n		Map bindings = new HashMap();\n		\n		bindings.put(\"RLI\", RLI );\n		\n		bindings.put(\"TAX\", TAX );\n		\n		bindings.put(\"NMON\", NMON );\n		\n	Map _p0 = new HashMap();\r\n_p0.put( \"rptledgeritem\", RLI );\r\n_p0.put( \"expr\", (new ActionExpression(\"TAX * NMON * 0.02\", bindings)) );\r\naction.execute( \"calc-interest\",_p0,drools);\r\n\nend\n\n\n	');
REPLACE INTO `sys_rule_deployed` (`objid`, `ruletext`) VALUES ('RUL3073752b:184b21f9c7c:-76c0', '\npackage rptledger.SEF_TAX_SACASUNSOL;\nimport rptledger.*;\nimport java.util.*;\nimport com.rameses.rules.common.*;\n\nglobal RuleAction action;\n\nrule \"SEF_TAX_SACASUNSOL\"\n	agenda-group \"AFTER_TAX\"\n	salience 50000\n	no-loop\n	when\n		\n		\n		RLI: rptis.landtax.facts.RPTLedgerItemFact (  AV:av,revtype matches \"sef\" ) \n		\n		RL: rptis.landtax.facts.RPTLedgerFact (  taxpayerid matches \"E-70458c0:1485d10dcd5:-6935|E-a96c4ee:13e0887830e:-5e4b|JUR6065eb4d:1306758d9bc:-7ac0\" ) \n		\n	then\n		Map bindings = new HashMap();\n		\n		bindings.put(\"RLI\", RLI );\n		\n		bindings.put(\"AV\", AV );\n		\n		bindings.put(\"RL\", RL );\n		\n	Map _p0 = new HashMap();\r\n_p0.put( \"rptledgeritem\", RLI );\r\n_p0.put( \"expr\", (new ActionExpression(\"AV * 0.005\", bindings)) );\r\naction.execute( \"calc-tax\",_p0,drools);\r\n\nend\n\n\n	');
REPLACE INTO `sys_rule_deployed` (`objid`, `ruletext`) VALUES ('RUL483027b0:16be9375c61:-77e6', '\npackage rptledger.BASIC_AND_SEF_TAX;\nimport rptledger.*;\nimport java.util.*;\nimport com.rameses.rules.common.*;\n\nglobal RuleAction action;\n\nrule \"BASIC_AND_SEF_TAX\"\n agenda-group \"TAX\"\n  salience 50000\n  no-loop\n when\n    \n    \n    RLI: rptis.landtax.facts.RPTLedgerItemFact (  AV:av,revtype matches \"basic|sef\" ) \n    \n  then\n    Map bindings = new HashMap();\n   \n    bindings.put(\"RLI\", RLI );\n    \n    bindings.put(\"AV\", AV );\n    \n  Map _p0 = new HashMap();\n_p0.put( \"rptledgeritem\", RLI );\n_p0.put( \"expr\", (new ActionExpression(\"AV * 0.01\", bindings)) );\naction.execute( \"calc-tax\",_p0,drools);\n\nend\n\n\n ');
REPLACE INTO `sys_rule_deployed` (`objid`, `ruletext`) VALUES ('RUL7c9b26f3:17c2a7f2220:-737c', '\npackage rptbilling.PENALTY_CY;\nimport rptbilling.*;\nimport java.util.*;\nimport com.rameses.rules.common.*;\n\nglobal RuleAction action;\n\nrule \"PENALTY_CY\"\n	agenda-group \"PENALTY\"\n	salience 50000\n	no-loop\n	when\n		\n		\n		 CurrentDate (  CY:year,CQTR:qtr >= 2 ) \n		\n		RLI: rptis.landtax.facts.RPTLedgerItemFact (  year == CY,NMON:monthsfromjan,TAX:amtdue,qtrlypaymentavailed == false ,revtype matches \"basic|sef\" ) \n		\n	then\n		Map bindings = new HashMap();\n		\n		bindings.put(\"CY\", CY );\n		\n		bindings.put(\"RLI\", RLI );\n		\n		bindings.put(\"NMON\", NMON );\n		\n		bindings.put(\"CQTR\", CQTR );\n		\n		bindings.put(\"TAX\", TAX );\n		\n	Map _p0 = new HashMap();\n_p0.put( \"rptledgeritem\", RLI );\n_p0.put( \"expr\", (new ActionExpression(\"TAX * NMON * 0.02\", bindings)) );\naction.execute( \"calc-interest\",_p0,drools);\n\nend\n\n\n	');
REPLACE INTO `sys_rule_deployed` (`objid`, `ruletext`) VALUES ('RUL7e02b404:166ae687f42:-5511', '\npackage rptbilling.PENALTY_CURRENT_YEAR;\nimport rptbilling.*;\nimport java.util.*;\nimport com.rameses.rules.common.*;\n\nglobal RuleAction action;\n\nrule \"PENALTY_CURRENT_YEAR\"\n	agenda-group \"PENALTY\"\n	salience 50000\n	no-loop\n	when\n		\n		\n		 CurrentDate (  CY:year,CQTR:qtr > 1 ) \n		\n		RLI: rptis.landtax.facts.RPTLedgerItemFact (  revtype matches \"basic|sef\",year == CY,NMON:monthsfromqtr,qtr < CQTR,TAX:amtdue ) \n		\n	then\n		Map bindings = new HashMap();\n		\n		bindings.put(\"CY\", CY );\n		\n		bindings.put(\"RLI\", RLI );\n		\n		bindings.put(\"CQTR\", CQTR );\n		\n		bindings.put(\"NMON\", NMON );\n		\n		bindings.put(\"TAX\", TAX );\n		\n		bindings.put(\"NMON\", NMON );\n		\n	Map _p0 = new HashMap();\n_p0.put( \"rptledgeritem\", RLI );\n_p0.put( \"expr\", (new ActionExpression(\"TAX * NMON * 0.02\", bindings)) );\naction.execute( \"calc-interest\",_p0,drools);\n\nend\n\n\n	');
REPLACE INTO `sys_rule_deployed` (`objid`, `ruletext`) VALUES ('RULec9d7ab:166235c2e16:-255e', '\npackage rptbilling.BUILD_BILL_ITEMS;\nimport rptbilling.*;\nimport java.util.*;\nimport com.rameses.rules.common.*;\n\nglobal RuleAction action;\n\nrule \"BUILD_BILL_ITEMS\"\n	agenda-group \"AFTER_SUMMARY\"\n	salience 50000\n	no-loop\n	when\n		\n		\n		RLTS: rptis.landtax.facts.RPTLedgerTaxSummaryFact (   ) \n		\n	then\n		Map bindings = new HashMap();\n		\n		bindings.put(\"RLTS\", RLTS );\n		\n	Map _p0 = new HashMap();\n_p0.put( \"taxsummary\", RLTS );\naction.execute( \"add-billitem\",_p0,drools);\n\nend\n\n\n	');
REPLACE INTO `sys_rule_deployed` (`objid`, `ruletext`) VALUES ('RULec9d7ab:166235c2e16:-26bf', '\npackage rptbilling.TOTAL_ADVANCE;\nimport rptbilling.*;\nimport java.util.*;\nimport com.rameses.rules.common.*;\n\nglobal RuleAction action;\n\nrule \"TOTAL_ADVANCE\"\n	agenda-group \"SUMMARY\"\n	salience 50000\n	no-loop\n	when\n		\n		\n		 CurrentDate (  CY:year ) \n		\n		RLI: rptis.landtax.facts.RPTLedgerItemFact (  year > CY ) \n		\n	then\n		Map bindings = new HashMap();\n		\n		bindings.put(\"CY\", CY );\n		\n		bindings.put(\"RLI\", RLI );\n		\n	Map _p0 = new HashMap();\n_p0.put( \"rptledgeritem\", RLI );\n_p0.put( \"revperiod\", \"advance\" );\naction.execute( \"create-tax-summary\",_p0,drools);\n\nend\n\n\n	');
REPLACE INTO `sys_rule_deployed` (`objid`, `ruletext`) VALUES ('RULec9d7ab:166235c2e16:-26d0', '\npackage rptbilling.TOTAL_CURRENT;\nimport rptbilling.*;\nimport java.util.*;\nimport com.rameses.rules.common.*;\n\nglobal RuleAction action;\n\nrule \"TOTAL_CURRENT\"\n	agenda-group \"SUMMARY\"\n	salience 50000\n	no-loop\n	when\n		\n		\n		 CurrentDate (  CY:year ) \n		\n		RLI: rptis.landtax.facts.RPTLedgerItemFact (  year == CY ) \n		\n	then\n		Map bindings = new HashMap();\n		\n		bindings.put(\"CY\", CY );\n		\n		bindings.put(\"RLI\", RLI );\n		\n	Map _p0 = new HashMap();\n_p0.put( \"rptledgeritem\", RLI );\n_p0.put( \"revperiod\", \"current\" );\naction.execute( \"create-tax-summary\",_p0,drools);\n\nend\n\n\n	');
REPLACE INTO `sys_rule_deployed` (`objid`, `ruletext`) VALUES ('RULec9d7ab:166235c2e16:-2f1f', '\npackage rptbilling.EXPIRY_DATE_DEFAULT;\nimport rptbilling.*;\nimport java.util.*;\nimport com.rameses.rules.common.*;\n\nglobal RuleAction action;\n\nrule \"EXPIRY_DATE_DEFAULT\"\n	agenda-group \"BEFORE_SUMMARY\"\n	salience 10000\n	no-loop\n	when\n		\n		\n		BILL: rptis.landtax.facts.Bill (  CDATE:currentdate ) \n		\n	then\n		Map bindings = new HashMap();\n		\n		bindings.put(\"BILL\", BILL );\n		\n		bindings.put(\"CDATE\", CDATE );\n		\n	Map _p0 = new HashMap();\n_p0.put( \"bill\", BILL );\n_p0.put( \"expr\", (new ActionExpression(\"@MONTHEND( CDATE )\", bindings)) );\naction.execute( \"set-bill-expiry\",_p0,drools);\n\nend\n\n\n	');
REPLACE INTO `sys_rule_deployed` (`objid`, `ruletext`) VALUES ('RULec9d7ab:166235c2e16:-319f', '\npackage rptbilling.EXPIRY_DATE_ADVANCE_YEAR;\nimport rptbilling.*;\nimport java.util.*;\nimport com.rameses.rules.common.*;\n\nglobal RuleAction action;\n\nrule \"EXPIRY_DATE_ADVANCE_YEAR\"\n	agenda-group \"BEFORE_SUMMARY\"\n	salience 5000\n	no-loop\n	when\n		\n		\n		 CurrentDate (  CY:year ) \n		\n		RL: rptis.landtax.facts.RPTLedgerFact (  lastyearpaid == CY,lastqtrpaid == 4 ) \n		\n		BILL: rptis.landtax.facts.Bill (  billtoyear > CY ) \n		\n	then\n		Map bindings = new HashMap();\n		\n		bindings.put(\"CY\", CY );\n		\n		bindings.put(\"RL\", RL );\n		\n		bindings.put(\"BILL\", BILL );\n		\n	Map _p0 = new HashMap();\n_p0.put( \"bill\", BILL );\n_p0.put( \"expr\", (new ActionExpression(\"@MONTHEND(@DATE(CY, 12, 1));\", bindings)) );\naction.execute( \"set-bill-expiry\",_p0,drools);\n\nend\n\n\n	');
REPLACE INTO `sys_rule_deployed` (`objid`, `ruletext`) VALUES ('RULec9d7ab:166235c2e16:-3811', '\npackage rptbilling.SPLIT_QUARTERLY_BILLED_ITEMS;\nimport rptbilling.*;\nimport java.util.*;\nimport com.rameses.rules.common.*;\n\nglobal RuleAction action;\n\nrule \"SPLIT_QUARTERLY_BILLED_ITEMS\"\n	agenda-group \"BEFORE_SUMMARY\"\n	salience 50000\n	no-loop\n	when\n		\n		\n		RLI: rptis.landtax.facts.RPTLedgerItemFact (  revtype matches \"basic|sef\" ) \n		\n	then\n		Map bindings = new HashMap();\n		\n		bindings.put(\"RLI\", RLI );\n		\n	Map _p0 = new HashMap();\r\n_p0.put( \"rptledgeritem\", RLI );\r\naction.execute( \"split-bill-item\",_p0,drools);\r\n\nend\n\n\n	');

REPLACE INTO `sys_rule_fact` (`objid`, `name`, `title`, `factclass`, `sortorder`, `handler`, `defaultvarname`, `dynamic`, `lookuphandler`, `lookupkey`, `lookupvalue`, `lookupdatatype`, `dynamicfieldname`, `builtinconstraints`, `domain`, `factsuperclass`) VALUES ('CurrentDate', 'CurrentDate', 'Current Date', 'CurrentDate', '1', '', '', NULL, '', '', '', '', '', '', 'LANDTAX', NULL);
REPLACE INTO `sys_rule_fact` (`objid`, `name`, `title`, `factclass`, `sortorder`, `handler`, `defaultvarname`, `dynamic`, `lookuphandler`, `lookupkey`, `lookupvalue`, `lookupdatatype`, `dynamicfieldname`, `builtinconstraints`, `domain`, `factsuperclass`) VALUES ('rptis.landtax.facts.AssessedValue', 'rptis.landtax.facts.AssessedValue', 'Assessed Value', 'rptis.landtax.facts.AssessedValue', '2', NULL, 'AVINFO', NULL, NULL, NULL, NULL, NULL, NULL, NULL, 'landtax', NULL);
REPLACE INTO `sys_rule_fact` (`objid`, `name`, `title`, `factclass`, `sortorder`, `handler`, `defaultvarname`, `dynamic`, `lookuphandler`, `lookupkey`, `lookupvalue`, `lookupdatatype`, `dynamicfieldname`, `builtinconstraints`, `domain`, `factsuperclass`) VALUES ('rptis.landtax.facts.Bill', 'rptis.landtax.facts.Bill', 'Bill', 'rptis.landtax.facts.Bill', '2', NULL, 'BILL', NULL, NULL, NULL, NULL, NULL, NULL, NULL, 'landtax', NULL);
REPLACE INTO `sys_rule_fact` (`objid`, `name`, `title`, `factclass`, `sortorder`, `handler`, `defaultvarname`, `dynamic`, `lookuphandler`, `lookupkey`, `lookupvalue`, `lookupdatatype`, `dynamicfieldname`, `builtinconstraints`, `domain`, `factsuperclass`) VALUES ('rptis.landtax.facts.Classification', 'rptis.landtax.facts.Classification', 'Classification', 'rptis.landtax.facts.Classification', '0', NULL, 'CLASS', NULL, NULL, NULL, NULL, NULL, NULL, NULL, 'landtax', NULL);
REPLACE INTO `sys_rule_fact` (`objid`, `name`, `title`, `factclass`, `sortorder`, `handler`, `defaultvarname`, `dynamic`, `lookuphandler`, `lookupkey`, `lookupvalue`, `lookupdatatype`, `dynamicfieldname`, `builtinconstraints`, `domain`, `factsuperclass`) VALUES ('rptis.landtax.facts.RPTBillItem', 'rptis.landtax.facts.RPTBillItem', 'Bill Item', 'rptis.landtax.facts.RPTBillItem', '3', NULL, 'BILLITEM', NULL, NULL, NULL, NULL, NULL, NULL, NULL, 'landtax', NULL);
REPLACE INTO `sys_rule_fact` (`objid`, `name`, `title`, `factclass`, `sortorder`, `handler`, `defaultvarname`, `dynamic`, `lookuphandler`, `lookupkey`, `lookupvalue`, `lookupdatatype`, `dynamicfieldname`, `builtinconstraints`, `domain`, `factsuperclass`) VALUES ('rptis.landtax.facts.RPTIncentive', 'rptis.landtax.facts.RPTIncentive', 'Incentive', 'rptis.landtax.facts.RPTIncentive', '10', NULL, 'INCENTIVE', NULL, NULL, NULL, NULL, NULL, NULL, NULL, 'landtax', NULL);
REPLACE INTO `sys_rule_fact` (`objid`, `name`, `title`, `factclass`, `sortorder`, `handler`, `defaultvarname`, `dynamic`, `lookuphandler`, `lookupkey`, `lookupvalue`, `lookupdatatype`, `dynamicfieldname`, `builtinconstraints`, `domain`, `factsuperclass`) VALUES ('rptis.landtax.facts.RPTLedgerFact', 'rptis.landtax.facts.RPTLedgerFact', 'Ledger', 'rptis.landtax.facts.RPTLedgerFact', '5', NULL, 'RL', '0', '', '', '', '', '', NULL, 'landtax', NULL);
REPLACE INTO `sys_rule_fact` (`objid`, `name`, `title`, `factclass`, `sortorder`, `handler`, `defaultvarname`, `dynamic`, `lookuphandler`, `lookupkey`, `lookupvalue`, `lookupdatatype`, `dynamicfieldname`, `builtinconstraints`, `domain`, `factsuperclass`) VALUES ('rptis.landtax.facts.RPTLedgerItemFact', 'rptis.landtax.facts.RPTLedgerItemFact', 'Ledger Item', 'rptis.landtax.facts.RPTLedgerItemFact', '6', NULL, 'RLI', NULL, '', '', '', '', '', NULL, 'landtax', NULL);
REPLACE INTO `sys_rule_fact` (`objid`, `name`, `title`, `factclass`, `sortorder`, `handler`, `defaultvarname`, `dynamic`, `lookuphandler`, `lookupkey`, `lookupvalue`, `lookupdatatype`, `dynamicfieldname`, `builtinconstraints`, `domain`, `factsuperclass`) VALUES ('rptis.landtax.facts.RPTLedgerTaxSummaryFact', 'rptis.landtax.facts.RPTLedgerTaxSummaryFact', 'Tax Summary', 'rptis.landtax.facts.RPTLedgerTaxSummaryFact', '21', NULL, 'RLTS', NULL, '', '', '', '', '', NULL, 'landtax', NULL);
REPLACE INTO `sys_rule_fact` (`objid`, `name`, `title`, `factclass`, `sortorder`, `handler`, `defaultvarname`, `dynamic`, `lookuphandler`, `lookupkey`, `lookupvalue`, `lookupdatatype`, `dynamicfieldname`, `builtinconstraints`, `domain`, `factsuperclass`) VALUES ('rptis.landtax.facts.ShareFact', 'rptis.landtax.facts.ShareFact', 'Share', 'rptis.landtax.facts.ShareFact', '50', NULL, 'LSH', NULL, '', '', '', '', '', NULL, 'landtax', NULL);
REPLACE INTO `sys_rule_fact` (`objid`, `name`, `title`, `factclass`, `sortorder`, `handler`, `defaultvarname`, `dynamic`, `lookuphandler`, `lookupkey`, `lookupvalue`, `lookupdatatype`, `dynamicfieldname`, `builtinconstraints`, `domain`, `factsuperclass`) VALUES ('RULFACT-16b3898d:15d15d43bd3:-55bb', 'rptincentive', 'Incentive', 'rptis.landtax.facts.RPTIncentive', '10', NULL, 'INCENTIVE', NULL, NULL, NULL, NULL, NULL, NULL, NULL, 'landtax', NULL);
REPLACE INTO `sys_rule_fact` (`objid`, `name`, `title`, `factclass`, `sortorder`, `handler`, `defaultvarname`, `dynamic`, `lookuphandler`, `lookupkey`, `lookupvalue`, `lookupdatatype`, `dynamicfieldname`, `builtinconstraints`, `domain`, `factsuperclass`) VALUES ('RULFACT17d6e7ce:141df4b60c2:-7c21', 'assessedvalue', 'Assessed Value Data', 'rptis.landtax.facts.AssessedValueFact', '20', NULL, NULL, NULL, '', '', '', '', '', NULL, 'LANDTAX', NULL);
REPLACE INTO `sys_rule_fact` (`objid`, `name`, `title`, `factclass`, `sortorder`, `handler`, `defaultvarname`, `dynamic`, `lookuphandler`, `lookupkey`, `lookupvalue`, `lookupdatatype`, `dynamicfieldname`, `builtinconstraints`, `domain`, `factsuperclass`) VALUES ('RULFACT1be07afa:1452a9809e9:-731e', 'RPTLedgerTaxSummaryFact', 'Tax Summary Info', 'rptis.landtax.facts.RPTLedgerTaxSummaryFact', '21', NULL, 'RLTS', NULL, '', '', '', '', '', NULL, 'LANDTAX', NULL);
REPLACE INTO `sys_rule_fact` (`objid`, `name`, `title`, `factclass`, `sortorder`, `handler`, `defaultvarname`, `dynamic`, `lookuphandler`, `lookupkey`, `lookupvalue`, `lookupdatatype`, `dynamicfieldname`, `builtinconstraints`, `domain`, `factsuperclass`) VALUES ('RULFACT357018a9:1452a5dcbf7:-793b', 'ShareInfoFact', 'LGU Share Info', 'rptis.landtax.facts.ShareInfoFact', '50', NULL, 'LSH', NULL, '', '', '', '', '', NULL, 'LANDTAX', NULL);
REPLACE INTO `sys_rule_fact` (`objid`, `name`, `title`, `factclass`, `sortorder`, `handler`, `defaultvarname`, `dynamic`, `lookuphandler`, `lookupkey`, `lookupvalue`, `lookupdatatype`, `dynamicfieldname`, `builtinconstraints`, `domain`, `factsuperclass`) VALUES ('RULFACT49ae4bad:141e3b6758c:-7ba3', 'currentdate', 'Current Date', 'CurrentDate', '1', '', '', NULL, '', '', '', '', '', '', 'LANDTAX', NULL);
REPLACE INTO `sys_rule_fact` (`objid`, `name`, `title`, `factclass`, `sortorder`, `handler`, `defaultvarname`, `dynamic`, `lookuphandler`, `lookupkey`, `lookupvalue`, `lookupdatatype`, `dynamicfieldname`, `builtinconstraints`, `domain`, `factsuperclass`) VALUES ('RULFACT547c5381:1451ae1cd9c:-75e0', 'paymentoption', 'Payment Option', 'rptis.landtax.facts.PaymentOptionFact', '2', NULL, NULL, NULL, '', '', '', '', '', NULL, 'LANDTAX', NULL);
REPLACE INTO `sys_rule_fact` (`objid`, `name`, `title`, `factclass`, `sortorder`, `handler`, `defaultvarname`, `dynamic`, `lookuphandler`, `lookupkey`, `lookupvalue`, `lookupdatatype`, `dynamicfieldname`, `builtinconstraints`, `domain`, `factsuperclass`) VALUES ('RULFACT547c5381:1451ae1cd9c:-7933', 'rptledgeritem', 'Ledger Item', 'rptis.landtax.facts.RPTLedgerItemFact', '6', NULL, 'RLI', NULL, '', '', '', '', '', NULL, 'landtax', NULL);
REPLACE INTO `sys_rule_fact` (`objid`, `name`, `title`, `factclass`, `sortorder`, `handler`, `defaultvarname`, `dynamic`, `lookuphandler`, `lookupkey`, `lookupvalue`, `lookupdatatype`, `dynamicfieldname`, `builtinconstraints`, `domain`, `factsuperclass`) VALUES ('RULFACT547c5381:1451ae1cd9c:-798f', 'rptis.landtax.facts.RPTLedgerFact', 'Ledger', 'rptis.landtax.facts.RPTLedgerFact', '5', NULL, 'RL', '0', '', '', '', '', '', NULL, 'landtax', NULL);

REPLACE INTO `sys_rule_fact_field` (`objid`, `parentid`, `name`, `title`, `datatype`, `sortorder`, `handler`, `lookuphandler`, `lookupkey`, `lookupvalue`, `lookupdatatype`, `multivalued`, `required`, `vardatatype`, `lovname`) VALUES ('CurrentDate.day', 'CurrentDate', 'day', 'Day', 'integer', '4', 'integer', '', '', '', '', NULL, NULL, 'integer', '');
REPLACE INTO `sys_rule_fact_field` (`objid`, `parentid`, `name`, `title`, `datatype`, `sortorder`, `handler`, `lookuphandler`, `lookupkey`, `lookupvalue`, `lookupdatatype`, `multivalued`, `required`, `vardatatype`, `lovname`) VALUES ('CurrentDate.month', 'CurrentDate', 'month', 'Month', 'integer', '3', 'integer', '', '', '', '', NULL, NULL, 'integer', '');
REPLACE INTO `sys_rule_fact_field` (`objid`, `parentid`, `name`, `title`, `datatype`, `sortorder`, `handler`, `lookuphandler`, `lookupkey`, `lookupvalue`, `lookupdatatype`, `multivalued`, `required`, `vardatatype`, `lovname`) VALUES ('CurrentDate.qtr', 'CurrentDate', 'qtr', 'Quarter', 'integer', '2', 'integer', '', '', '', '', NULL, NULL, 'integer', '');
REPLACE INTO `sys_rule_fact_field` (`objid`, `parentid`, `name`, `title`, `datatype`, `sortorder`, `handler`, `lookuphandler`, `lookupkey`, `lookupvalue`, `lookupdatatype`, `multivalued`, `required`, `vardatatype`, `lovname`) VALUES ('CurrentDate.year', 'CurrentDate', 'year', 'Year', 'integer', '1', 'integer', '', '', '', '', NULL, NULL, 'integer', '');
REPLACE INTO `sys_rule_fact_field` (`objid`, `parentid`, `name`, `title`, `datatype`, `sortorder`, `handler`, `lookuphandler`, `lookupkey`, `lookupvalue`, `lookupdatatype`, `multivalued`, `required`, `vardatatype`, `lovname`) VALUES ('FACTFLD-1306e459:14a228fb9ab:-233', 'RULFACT547c5381:1451ae1cd9c:-7933', 'qtrlypaymentavailed', 'Is Quarterly Payment?', 'boolean', '12', 'boolean', NULL, NULL, NULL, NULL, NULL, NULL, 'boolean', NULL);
REPLACE INTO `sys_rule_fact_field` (`objid`, `parentid`, `name`, `title`, `datatype`, `sortorder`, `handler`, `lookuphandler`, `lookupkey`, `lookupvalue`, `lookupdatatype`, `multivalued`, `required`, `vardatatype`, `lovname`) VALUES ('FACTFLD-1306e459:14a228fb9ab:-37e', 'RULFACT547c5381:1451ae1cd9c:-7933', 'fullypaid', 'Is Fully Paid?', 'boolean', '11', 'boolean', NULL, NULL, NULL, NULL, NULL, NULL, 'boolean', NULL);
REPLACE INTO `sys_rule_fact_field` (`objid`, `parentid`, `name`, `title`, `datatype`, `sortorder`, `handler`, `lookuphandler`, `lookupkey`, `lookupvalue`, `lookupdatatype`, `multivalued`, `required`, `vardatatype`, `lovname`) VALUES ('FACTFLD-16b3898d:15d15d43bd3:-557a', 'RULFACT-16b3898d:15d15d43bd3:-55bb', 'toyear', 'To Year', 'integer', '5', 'integer', NULL, NULL, NULL, NULL, NULL, NULL, 'integer', NULL);
REPLACE INTO `sys_rule_fact_field` (`objid`, `parentid`, `name`, `title`, `datatype`, `sortorder`, `handler`, `lookuphandler`, `lookupkey`, `lookupvalue`, `lookupdatatype`, `multivalued`, `required`, `vardatatype`, `lovname`) VALUES ('FACTFLD-16b3898d:15d15d43bd3:-5583', 'RULFACT-16b3898d:15d15d43bd3:-55bb', 'fromyear', 'From Year', 'integer', '4', 'integer', NULL, NULL, NULL, NULL, NULL, NULL, 'integer', NULL);
REPLACE INTO `sys_rule_fact_field` (`objid`, `parentid`, `name`, `title`, `datatype`, `sortorder`, `handler`, `lookuphandler`, `lookupkey`, `lookupvalue`, `lookupdatatype`, `multivalued`, `required`, `vardatatype`, `lovname`) VALUES ('FACTFLD-16b3898d:15d15d43bd3:-558c', 'RULFACT-16b3898d:15d15d43bd3:-55bb', 'sefrate', 'SEF Rate', 'decimal', '3', 'decimal', NULL, NULL, NULL, NULL, NULL, NULL, 'decimal', NULL);
REPLACE INTO `sys_rule_fact_field` (`objid`, `parentid`, `name`, `title`, `datatype`, `sortorder`, `handler`, `lookuphandler`, `lookupkey`, `lookupvalue`, `lookupdatatype`, `multivalued`, `required`, `vardatatype`, `lovname`) VALUES ('FACTFLD-16b3898d:15d15d43bd3:-5595', 'RULFACT-16b3898d:15d15d43bd3:-55bb', 'basicrate', 'Basic Rate', 'decimal', '2', 'decimal', NULL, NULL, NULL, NULL, NULL, NULL, 'decimal', NULL);
REPLACE INTO `sys_rule_fact_field` (`objid`, `parentid`, `name`, `title`, `datatype`, `sortorder`, `handler`, `lookuphandler`, `lookupkey`, `lookupvalue`, `lookupdatatype`, `multivalued`, `required`, `vardatatype`, `lovname`) VALUES ('FACTFLD-16b3898d:15d15d43bd3:-559f', 'RULFACT-16b3898d:15d15d43bd3:-55bb', 'rptledger', 'Ledger', 'string', '1', 'var', NULL, NULL, NULL, NULL, NULL, NULL, 'rptis.landtax.facts.RPTLedgerFact', NULL);
REPLACE INTO `sys_rule_fact_field` (`objid`, `parentid`, `name`, `title`, `datatype`, `sortorder`, `handler`, `lookuphandler`, `lookupkey`, `lookupvalue`, `lookupdatatype`, `multivalued`, `required`, `vardatatype`, `lovname`) VALUES ('FACTFLD-20603cf4:146f0c708c1:-7a25', 'RULFACT357018a9:1452a5dcbf7:-793b', 'lguid', 'LGU', 'string', '4', 'lookup', 'municipality:lookup', 'objid', 'name', NULL, NULL, NULL, 'string', NULL);
REPLACE INTO `sys_rule_fact_field` (`objid`, `parentid`, `name`, `title`, `datatype`, `sortorder`, `handler`, `lookuphandler`, `lookupkey`, `lookupvalue`, `lookupdatatype`, `multivalued`, `required`, `vardatatype`, `lovname`) VALUES ('FACTFLD-319efa0:1452018b4cc:-7e00', 'RULFACT547c5381:1451ae1cd9c:-7933', 'netsef', 'Net SEF Amount', 'decimal', '28', 'decimal', '', '', '', '', NULL, NULL, 'decimal', '');
REPLACE INTO `sys_rule_fact_field` (`objid`, `parentid`, `name`, `title`, `datatype`, `sortorder`, `handler`, `lookuphandler`, `lookupkey`, `lookupvalue`, `lookupdatatype`, `multivalued`, `required`, `vardatatype`, `lovname`) VALUES ('FACTFLD-319efa0:1452018b4cc:-7e53', 'RULFACT547c5381:1451ae1cd9c:-7933', 'netbasic', 'Net Basic Amount', 'decimal', '24', 'decimal', '', '', '', '', NULL, NULL, 'decimal', '');
REPLACE INTO `sys_rule_fact_field` (`objid`, `parentid`, `name`, `title`, `datatype`, `sortorder`, `handler`, `lookuphandler`, `lookupkey`, `lookupvalue`, `lookupdatatype`, `multivalued`, `required`, `vardatatype`, `lovname`) VALUES ('FACTFLD-495d2a02:146f0b98c4d:-7d21', 'RULFACT547c5381:1451ae1cd9c:-798f', 'lguid', 'LGU', 'string', '7', 'lookup', 'municipality:lookup', 'objid', 'name', NULL, NULL, NULL, 'string', NULL);
REPLACE INTO `sys_rule_fact_field` (`objid`, `parentid`, `name`, `title`, `datatype`, `sortorder`, `handler`, `lookuphandler`, `lookupkey`, `lookupvalue`, `lookupdatatype`, `multivalued`, `required`, `vardatatype`, `lovname`) VALUES ('FACTFLD-569e4b29:1452054ad68:-5e97', 'RULFACT547c5381:1451ae1cd9c:-7933', 'firecode', 'Fire Code', 'decimal', '29', 'decimal', '', '', '', '', NULL, NULL, 'decimal', '');
REPLACE INTO `sys_rule_fact_field` (`objid`, `parentid`, `name`, `title`, `datatype`, `sortorder`, `handler`, `lookuphandler`, `lookupkey`, `lookupvalue`, `lookupdatatype`, `multivalued`, `required`, `vardatatype`, `lovname`) VALUES ('FACTFLD-569e4b29:1452054ad68:-7a02', 'RULFACT547c5381:1451ae1cd9c:-798f', 'rputype', 'Property Type', 'string', '9', 'lov', '', '', '', '', NULL, NULL, 'string', 'RPT_RPUTYPES');
REPLACE INTO `sys_rule_fact_field` (`objid`, `parentid`, `name`, `title`, `datatype`, `sortorder`, `handler`, `lookuphandler`, `lookupkey`, `lookupvalue`, `lookupdatatype`, `multivalued`, `required`, `vardatatype`, `lovname`) VALUES ('FACTFLD-590a6da0:14625d73c19:-4c60', 'RULFACT1be07afa:1452a9809e9:-731e', 'revperiod', 'Period', 'string', '3', 'lov', NULL, NULL, NULL, NULL, NULL, '0', 'string', 'RPT_REVENUE_PERIODS');
REPLACE INTO `sys_rule_fact_field` (`objid`, `parentid`, `name`, `title`, `datatype`, `sortorder`, `handler`, `lookuphandler`, `lookupkey`, `lookupvalue`, `lookupdatatype`, `multivalued`, `required`, `vardatatype`, `lovname`) VALUES ('FACTFLD-5f89b1df:17a40ea995c:-7e43', 'RULFACT547c5381:1451ae1cd9c:-798f', 'taxpayerid', 'Taxpayer', 'string', '11', 'lookup', 'entity:lookup', 'objid', 'name', NULL, NULL, NULL, 'string', NULL);
REPLACE INTO `sys_rule_fact_field` (`objid`, `parentid`, `name`, `title`, `datatype`, `sortorder`, `handler`, `lookuphandler`, `lookupkey`, `lookupvalue`, `lookupdatatype`, `multivalued`, `required`, `vardatatype`, `lovname`) VALUES ('FACTFLD-6a85cd56:149c62a67fd:-7890', 'RULFACT547c5381:1451ae1cd9c:-7933', 'basicidleint', 'Basic Idle Land Interest', 'decimal', '23', 'decimal', NULL, NULL, NULL, NULL, NULL, NULL, 'decimal', NULL);
REPLACE INTO `sys_rule_fact_field` (`objid`, `parentid`, `name`, `title`, `datatype`, `sortorder`, `handler`, `lookuphandler`, `lookupkey`, `lookupvalue`, `lookupdatatype`, `multivalued`, `required`, `vardatatype`, `lovname`) VALUES ('FACTFLD-6a85cd56:149c62a67fd:-7913', 'RULFACT547c5381:1451ae1cd9c:-7933', 'basicidledisc', 'Basic Idle Land Discount', 'decimal', '22', 'decimal', NULL, NULL, NULL, NULL, NULL, NULL, 'decimal', NULL);
REPLACE INTO `sys_rule_fact_field` (`objid`, `parentid`, `name`, `title`, `datatype`, `sortorder`, `handler`, `lookuphandler`, `lookupkey`, `lookupvalue`, `lookupdatatype`, `multivalued`, `required`, `vardatatype`, `lovname`) VALUES ('FACTFLD-72207dec:149d03afd0b:-6902', 'RULFACT547c5381:1451ae1cd9c:-7933', 'taxdifference', 'Is Tax Difference?', 'boolean', '13', 'boolean', NULL, NULL, NULL, NULL, NULL, NULL, 'boolean', NULL);
REPLACE INTO `sys_rule_fact_field` (`objid`, `parentid`, `name`, `title`, `datatype`, `sortorder`, `handler`, `lookuphandler`, `lookupkey`, `lookupvalue`, `lookupdatatype`, `multivalued`, `required`, `vardatatype`, `lovname`) VALUES ('FACTFLD-bc91bc6:14e8f2ce895:-7f59', 'RULFACT547c5381:1451ae1cd9c:-798f', 'undercompromise', 'Is under Compromise?', 'boolean', '5', 'boolean', NULL, NULL, NULL, NULL, NULL, NULL, 'boolean', NULL);
REPLACE INTO `sys_rule_fact_field` (`objid`, `parentid`, `name`, `title`, `datatype`, `sortorder`, `handler`, `lookuphandler`, `lookupkey`, `lookupvalue`, `lookupdatatype`, `multivalued`, `required`, `vardatatype`, `lovname`) VALUES ('FACTFLD17d6e7ce:141df4b60c2:-7c0c', 'RULFACT17d6e7ce:141df4b60c2:-7c21', 'assessedvalue', 'Assessed Value', 'decimal', '2', 'decimal', '', '', '', '', NULL, NULL, 'decimal', '');
REPLACE INTO `sys_rule_fact_field` (`objid`, `parentid`, `name`, `title`, `datatype`, `sortorder`, `handler`, `lookuphandler`, `lookupkey`, `lookupvalue`, `lookupdatatype`, `multivalued`, `required`, `vardatatype`, `lovname`) VALUES ('FACTFLD17d6e7ce:141df4b60c2:-7c13', 'RULFACT17d6e7ce:141df4b60c2:-7c21', 'year', 'Year', 'integer', '1', 'integer', '', '', '', '', NULL, NULL, 'integer', '');
REPLACE INTO `sys_rule_fact_field` (`objid`, `parentid`, `name`, `title`, `datatype`, `sortorder`, `handler`, `lookuphandler`, `lookupkey`, `lookupvalue`, `lookupdatatype`, `multivalued`, `required`, `vardatatype`, `lovname`) VALUES ('FACTFLD1be07afa:1452a9809e9:-332b', 'RULFACT357018a9:1452a5dcbf7:-793b', 'lgutype', 'LGU Type', 'string', '1', 'lov', '', '', '', '', NULL, '1', 'string', 'RPT_BILLING_LGU_TYPES');
REPLACE INTO `sys_rule_fact_field` (`objid`, `parentid`, `name`, `title`, `datatype`, `sortorder`, `handler`, `lookuphandler`, `lookupkey`, `lookupvalue`, `lookupdatatype`, `multivalued`, `required`, `vardatatype`, `lovname`) VALUES ('FACTFLD1be07afa:1452a9809e9:-3ee8', 'RULFACT357018a9:1452a5dcbf7:-793b', 'sefint', 'SEF Interest', 'decimal', '11', 'decimal', '', '', '', '', NULL, '0', 'decimal', '');
REPLACE INTO `sys_rule_fact_field` (`objid`, `parentid`, `name`, `title`, `datatype`, `sortorder`, `handler`, `lookuphandler`, `lookupkey`, `lookupvalue`, `lookupdatatype`, `multivalued`, `required`, `vardatatype`, `lovname`) VALUES ('FACTFLD1be07afa:1452a9809e9:-3f01', 'RULFACT357018a9:1452a5dcbf7:-793b', 'sefdisc', 'SEF Discount', 'decimal', '10', 'decimal', '', '', '', '', NULL, '0', 'decimal', '');
REPLACE INTO `sys_rule_fact_field` (`objid`, `parentid`, `name`, `title`, `datatype`, `sortorder`, `handler`, `lookuphandler`, `lookupkey`, `lookupvalue`, `lookupdatatype`, `multivalued`, `required`, `vardatatype`, `lovname`) VALUES ('FACTFLD1be07afa:1452a9809e9:-3f1a', 'RULFACT357018a9:1452a5dcbf7:-793b', 'sef', 'SEF', 'decimal', '9', 'decimal', '', '', '', '', NULL, '0', 'decimal', '');
REPLACE INTO `sys_rule_fact_field` (`objid`, `parentid`, `name`, `title`, `datatype`, `sortorder`, `handler`, `lookuphandler`, `lookupkey`, `lookupvalue`, `lookupdatatype`, `multivalued`, `required`, `vardatatype`, `lovname`) VALUES ('FACTFLD1be07afa:1452a9809e9:-3f33', 'RULFACT357018a9:1452a5dcbf7:-793b', 'basicint', 'Basic Interest', 'decimal', '8', 'decimal', '', '', '', '', NULL, '0', 'decimal', '');
REPLACE INTO `sys_rule_fact_field` (`objid`, `parentid`, `name`, `title`, `datatype`, `sortorder`, `handler`, `lookuphandler`, `lookupkey`, `lookupvalue`, `lookupdatatype`, `multivalued`, `required`, `vardatatype`, `lovname`) VALUES ('FACTFLD1be07afa:1452a9809e9:-3f4c', 'RULFACT357018a9:1452a5dcbf7:-793b', 'basicdisc', 'Basic Discount', 'decimal', '7', 'decimal', '', '', '', '', NULL, '0', 'decimal', '');
REPLACE INTO `sys_rule_fact_field` (`objid`, `parentid`, `name`, `title`, `datatype`, `sortorder`, `handler`, `lookuphandler`, `lookupkey`, `lookupvalue`, `lookupdatatype`, `multivalued`, `required`, `vardatatype`, `lovname`) VALUES ('FACTFLD1be07afa:1452a9809e9:-3f65', 'RULFACT357018a9:1452a5dcbf7:-793b', 'basic', 'Basic', 'decimal', '6', 'decimal', '', '', '', '', NULL, '0', 'decimal', '');
REPLACE INTO `sys_rule_fact_field` (`objid`, `parentid`, `name`, `title`, `datatype`, `sortorder`, `handler`, `lookuphandler`, `lookupkey`, `lookupvalue`, `lookupdatatype`, `multivalued`, `required`, `vardatatype`, `lovname`) VALUES ('FACTFLD1be07afa:1452a9809e9:-45b2', 'RULFACT357018a9:1452a5dcbf7:-793b', 'revperiod', 'Revenue Period', 'string', '3', 'lov', '', '', '', '', NULL, '1', 'string', 'RPT_REVENUE_PERIODS');
REPLACE INTO `sys_rule_fact_field` (`objid`, `parentid`, `name`, `title`, `datatype`, `sortorder`, `handler`, `lookuphandler`, `lookupkey`, `lookupvalue`, `lookupdatatype`, `multivalued`, `required`, `vardatatype`, `lovname`) VALUES ('FACTFLD1be07afa:1452a9809e9:-5718', 'RULFACT1be07afa:1452a9809e9:-731e', 'objid', 'Variable Name', 'string', '1', 'lookup', 'rptparameter:lookup', 'name', 'name', '', NULL, '0', 'string', '');
REPLACE INTO `sys_rule_fact_field` (`objid`, `parentid`, `name`, `title`, `datatype`, `sortorder`, `handler`, `lookuphandler`, `lookupkey`, `lookupvalue`, `lookupdatatype`, `multivalued`, `required`, `vardatatype`, `lovname`) VALUES ('FACTFLD1be07afa:1452a9809e9:-608c', 'RULFACT357018a9:1452a5dcbf7:-793b', 'barangay', 'Barangay', 'string', '5', 'lookup', 'barangay:lookup', 'objid', 'name', '', NULL, NULL, 'string', '');
REPLACE INTO `sys_rule_fact_field` (`objid`, `parentid`, `name`, `title`, `datatype`, `sortorder`, `handler`, `lookuphandler`, `lookupkey`, `lookupvalue`, `lookupdatatype`, `multivalued`, `required`, `vardatatype`, `lovname`) VALUES ('FACTFLD1be07afa:1452a9809e9:-72c3', 'RULFACT1be07afa:1452a9809e9:-731e', 'sefint', 'SEF Interest', 'decimal', '9', 'decimal', '', '', '', '', NULL, '0', 'decimal', '');
REPLACE INTO `sys_rule_fact_field` (`objid`, `parentid`, `name`, `title`, `datatype`, `sortorder`, `handler`, `lookuphandler`, `lookupkey`, `lookupvalue`, `lookupdatatype`, `multivalued`, `required`, `vardatatype`, `lovname`) VALUES ('FACTFLD1be07afa:1452a9809e9:-72cc', 'RULFACT1be07afa:1452a9809e9:-731e', 'sefdisc', 'SEF Discount', 'decimal', '8', 'decimal', '', '', '', '', NULL, '0', 'decimal', '');
REPLACE INTO `sys_rule_fact_field` (`objid`, `parentid`, `name`, `title`, `datatype`, `sortorder`, `handler`, `lookuphandler`, `lookupkey`, `lookupvalue`, `lookupdatatype`, `multivalued`, `required`, `vardatatype`, `lovname`) VALUES ('FACTFLD1be07afa:1452a9809e9:-72d5', 'RULFACT1be07afa:1452a9809e9:-731e', 'sef', 'SEF', 'decimal', '7', 'decimal', '', '', '', '', NULL, '0', 'decimal', '');
REPLACE INTO `sys_rule_fact_field` (`objid`, `parentid`, `name`, `title`, `datatype`, `sortorder`, `handler`, `lookuphandler`, `lookupkey`, `lookupvalue`, `lookupdatatype`, `multivalued`, `required`, `vardatatype`, `lovname`) VALUES ('FACTFLD1be07afa:1452a9809e9:-72e6', 'RULFACT1be07afa:1452a9809e9:-731e', 'basicint', 'Basic Interest', 'decimal', '6', 'decimal', '', '', '', '', NULL, '0', 'decimal', '');
REPLACE INTO `sys_rule_fact_field` (`objid`, `parentid`, `name`, `title`, `datatype`, `sortorder`, `handler`, `lookuphandler`, `lookupkey`, `lookupvalue`, `lookupdatatype`, `multivalued`, `required`, `vardatatype`, `lovname`) VALUES ('FACTFLD1be07afa:1452a9809e9:-72ef', 'RULFACT1be07afa:1452a9809e9:-731e', 'basicdisc', 'Basic Discount', 'decimal', '5', 'decimal', '', '', '', '', NULL, '0', 'decimal', '');
REPLACE INTO `sys_rule_fact_field` (`objid`, `parentid`, `name`, `title`, `datatype`, `sortorder`, `handler`, `lookuphandler`, `lookupkey`, `lookupvalue`, `lookupdatatype`, `multivalued`, `required`, `vardatatype`, `lovname`) VALUES ('FACTFLD1be07afa:1452a9809e9:-72f8', 'RULFACT1be07afa:1452a9809e9:-731e', 'basic', 'Basic', 'decimal', '4', 'decimal', '', '', '', '', NULL, '0', 'decimal', '');
REPLACE INTO `sys_rule_fact_field` (`objid`, `parentid`, `name`, `title`, `datatype`, `sortorder`, `handler`, `lookuphandler`, `lookupkey`, `lookupvalue`, `lookupdatatype`, `multivalued`, `required`, `vardatatype`, `lovname`) VALUES ('FACTFLD1be07afa:1452a9809e9:-730a', 'RULFACT1be07afa:1452a9809e9:-731e', 'rptledger', 'RPT Ledger', 'string', '2', 'var', '', '', '', '', NULL, NULL, 'rptis.landtax.facts.RPTLedgerFact', '');
REPLACE INTO `sys_rule_fact_field` (`objid`, `parentid`, `name`, `title`, `datatype`, `sortorder`, `handler`, `lookuphandler`, `lookupkey`, `lookupvalue`, `lookupdatatype`, `multivalued`, `required`, `vardatatype`, `lovname`) VALUES ('FACTFLD2701c487:141e346f838:-7f2e', 'RULFACT17d6e7ce:141df4b60c2:-7c21', 'rptledger', 'RPT Ledger', 'string', '3', 'var', '', '', '', '', NULL, NULL, 'rptis.landtax.facts.RPTLedgerFact', '');
REPLACE INTO `sys_rule_fact_field` (`objid`, `parentid`, `name`, `title`, `datatype`, `sortorder`, `handler`, `lookuphandler`, `lookupkey`, `lookupvalue`, `lookupdatatype`, `multivalued`, `required`, `vardatatype`, `lovname`) VALUES ('FACTFLD309df60a:1452ffc9c7f:-739f', 'RULFACT1be07afa:1452a9809e9:-731e', 'firecode', 'Fire Code', 'decimal', '10', 'decimal', '', '', '', '', NULL, NULL, 'decimal', '');
REPLACE INTO `sys_rule_fact_field` (`objid`, `parentid`, `name`, `title`, `datatype`, `sortorder`, `handler`, `lookuphandler`, `lookupkey`, `lookupvalue`, `lookupdatatype`, `multivalued`, `required`, `vardatatype`, `lovname`) VALUES ('FACTFLD357018a9:1452a5dcbf7:-7765', 'RULFACT357018a9:1452a5dcbf7:-793b', 'sharetype', 'Share Type', 'string', '2', 'lov', '', '', '', '', NULL, '0', 'string', 'RPT_BILLING_SHARE_TYPES');
REPLACE INTO `sys_rule_fact_field` (`objid`, `parentid`, `name`, `title`, `datatype`, `sortorder`, `handler`, `lookuphandler`, `lookupkey`, `lookupvalue`, `lookupdatatype`, `multivalued`, `required`, `vardatatype`, `lovname`) VALUES ('FACTFLD441bb08f:1436c079bff:-7fc1', 'RULFACT17d6e7ce:141df4b60c2:-7c21', 'qtrlyav', 'Quarterly Assessed Value', 'decimal', '4', 'decimal', '', '', '', '', NULL, NULL, 'decimal', '');
REPLACE INTO `sys_rule_fact_field` (`objid`, `parentid`, `name`, `title`, `datatype`, `sortorder`, `handler`, `lookuphandler`, `lookupkey`, `lookupvalue`, `lookupdatatype`, `multivalued`, `required`, `vardatatype`, `lovname`) VALUES ('FACTFLD49ae4bad:141e3b6758c:-7b87', 'RULFACT49ae4bad:141e3b6758c:-7ba3', 'day', 'Day', 'integer', '4', 'integer', '', '', '', '', NULL, NULL, 'integer', '');
REPLACE INTO `sys_rule_fact_field` (`objid`, `parentid`, `name`, `title`, `datatype`, `sortorder`, `handler`, `lookuphandler`, `lookupkey`, `lookupvalue`, `lookupdatatype`, `multivalued`, `required`, `vardatatype`, `lovname`) VALUES ('FACTFLD49ae4bad:141e3b6758c:-7b8e', 'RULFACT49ae4bad:141e3b6758c:-7ba3', 'month', 'Month', 'integer', '3', 'integer', '', '', '', '', NULL, NULL, 'integer', '');
REPLACE INTO `sys_rule_fact_field` (`objid`, `parentid`, `name`, `title`, `datatype`, `sortorder`, `handler`, `lookuphandler`, `lookupkey`, `lookupvalue`, `lookupdatatype`, `multivalued`, `required`, `vardatatype`, `lovname`) VALUES ('FACTFLD49ae4bad:141e3b6758c:-7b95', 'RULFACT49ae4bad:141e3b6758c:-7ba3', 'qtr', 'Quarter', 'integer', '2', 'integer', '', '', '', '', NULL, NULL, 'integer', '');
REPLACE INTO `sys_rule_fact_field` (`objid`, `parentid`, `name`, `title`, `datatype`, `sortorder`, `handler`, `lookuphandler`, `lookupkey`, `lookupvalue`, `lookupdatatype`, `multivalued`, `required`, `vardatatype`, `lovname`) VALUES ('FACTFLD49ae4bad:141e3b6758c:-7b9c', 'RULFACT49ae4bad:141e3b6758c:-7ba3', 'year', 'Year', 'integer', '1', 'integer', '', '', '', '', NULL, NULL, 'integer', '');
REPLACE INTO `sys_rule_fact_field` (`objid`, `parentid`, `name`, `title`, `datatype`, `sortorder`, `handler`, `lookuphandler`, `lookupkey`, `lookupvalue`, `lookupdatatype`, `multivalued`, `required`, `vardatatype`, `lovname`) VALUES ('FACTFLD547c5381:1451ae1cd9c:-75c6', 'RULFACT547c5381:1451ae1cd9c:-75e0', 'type', 'Type', 'string', '1', 'lov', '', '', '', '', NULL, NULL, 'string', 'RPT_BILLING_PAYMENT_OPTIONS');
REPLACE INTO `sys_rule_fact_field` (`objid`, `parentid`, `name`, `title`, `datatype`, `sortorder`, `handler`, `lookuphandler`, `lookupkey`, `lookupvalue`, `lookupdatatype`, `multivalued`, `required`, `vardatatype`, `lovname`) VALUES ('FACTFLD547c5381:1451ae1cd9c:-7704', 'RULFACT547c5381:1451ae1cd9c:-798f', 'barangay', 'Barangay', 'string', '8', 'lookup', 'barangay:lookup', 'objid', 'name', '', NULL, NULL, 'string', '');
REPLACE INTO `sys_rule_fact_field` (`objid`, `parentid`, `name`, `title`, `datatype`, `sortorder`, `handler`, `lookuphandler`, `lookupkey`, `lookupvalue`, `lookupdatatype`, `multivalued`, `required`, `vardatatype`, `lovname`) VALUES ('FACTFLD547c5381:1451ae1cd9c:-7774', 'RULFACT547c5381:1451ae1cd9c:-7933', 'sefdisc', 'SEF Discount', 'decimal', '27', 'decimal', '', '', '', '', NULL, NULL, 'decimal', '');
REPLACE INTO `sys_rule_fact_field` (`objid`, `parentid`, `name`, `title`, `datatype`, `sortorder`, `handler`, `lookuphandler`, `lookupkey`, `lookupvalue`, `lookupdatatype`, `multivalued`, `required`, `vardatatype`, `lovname`) VALUES ('FACTFLD547c5381:1451ae1cd9c:-777d', 'RULFACT547c5381:1451ae1cd9c:-7933', 'sefint', 'SEF Interest', 'decimal', '26', 'decimal', '', '', '', '', NULL, NULL, 'decimal', '');
REPLACE INTO `sys_rule_fact_field` (`objid`, `parentid`, `name`, `title`, `datatype`, `sortorder`, `handler`, `lookuphandler`, `lookupkey`, `lookupvalue`, `lookupdatatype`, `multivalued`, `required`, `vardatatype`, `lovname`) VALUES ('FACTFLD547c5381:1451ae1cd9c:-7786', 'RULFACT547c5381:1451ae1cd9c:-7933', 'sef', 'SEF', 'decimal', '25', 'decimal', '', '', '', '', NULL, NULL, 'decimal', '');
REPLACE INTO `sys_rule_fact_field` (`objid`, `parentid`, `name`, `title`, `datatype`, `sortorder`, `handler`, `lookuphandler`, `lookupkey`, `lookupvalue`, `lookupdatatype`, `multivalued`, `required`, `vardatatype`, `lovname`) VALUES ('FACTFLD547c5381:1451ae1cd9c:-7798', 'RULFACT547c5381:1451ae1cd9c:-7933', 'basicdisc', 'Basic Discount', 'decimal', '20', 'decimal', '', '', '', '', NULL, NULL, 'decimal', '');
REPLACE INTO `sys_rule_fact_field` (`objid`, `parentid`, `name`, `title`, `datatype`, `sortorder`, `handler`, `lookuphandler`, `lookupkey`, `lookupvalue`, `lookupdatatype`, `multivalued`, `required`, `vardatatype`, `lovname`) VALUES ('FACTFLD547c5381:1451ae1cd9c:-77a1', 'RULFACT547c5381:1451ae1cd9c:-7933', 'basicint', 'Basic Interest', 'decimal', '19', 'decimal', '', '', '', '', NULL, NULL, 'decimal', '');
REPLACE INTO `sys_rule_fact_field` (`objid`, `parentid`, `name`, `title`, `datatype`, `sortorder`, `handler`, `lookuphandler`, `lookupkey`, `lookupvalue`, `lookupdatatype`, `multivalued`, `required`, `vardatatype`, `lovname`) VALUES ('FACTFLD547c5381:1451ae1cd9c:-77aa', 'RULFACT547c5381:1451ae1cd9c:-7933', 'basic', 'Basic', 'decimal', '18', 'decimal', '', '', '', '', NULL, NULL, 'decimal', '');
REPLACE INTO `sys_rule_fact_field` (`objid`, `parentid`, `name`, `title`, `datatype`, `sortorder`, `handler`, `lookuphandler`, `lookupkey`, `lookupvalue`, `lookupdatatype`, `multivalued`, `required`, `vardatatype`, `lovname`) VALUES ('FACTFLD547c5381:1451ae1cd9c:-7867', 'RULFACT547c5381:1451ae1cd9c:-7933', 'reclassed', 'Is Reclassed?', 'boolean', '9', 'boolean', '', '', '', '', NULL, NULL, 'boolean', '');
REPLACE INTO `sys_rule_fact_field` (`objid`, `parentid`, `name`, `title`, `datatype`, `sortorder`, `handler`, `lookuphandler`, `lookupkey`, `lookupvalue`, `lookupdatatype`, `multivalued`, `required`, `vardatatype`, `lovname`) VALUES ('FACTFLD547c5381:1451ae1cd9c:-7870', 'RULFACT547c5381:1451ae1cd9c:-7933', 'revperiod', 'Revenue Period', 'string', '17', 'lov', '', '', '', '', NULL, NULL, 'string', 'RPT_REVENUE_PERIODS');
REPLACE INTO `sys_rule_fact_field` (`objid`, `parentid`, `name`, `title`, `datatype`, `sortorder`, `handler`, `lookuphandler`, `lookupkey`, `lookupvalue`, `lookupdatatype`, `multivalued`, `required`, `vardatatype`, `lovname`) VALUES ('FACTFLD547c5381:1451ae1cd9c:-789d', 'RULFACT547c5381:1451ae1cd9c:-7933', 'backtax', 'Is Back Tax?', 'boolean', '16', 'boolean', '', '', '', '', NULL, NULL, 'boolean', '');
REPLACE INTO `sys_rule_fact_field` (`objid`, `parentid`, `name`, `title`, `datatype`, `sortorder`, `handler`, `lookuphandler`, `lookupkey`, `lookupvalue`, `lookupdatatype`, `multivalued`, `required`, `vardatatype`, `lovname`) VALUES ('FACTFLD547c5381:1451ae1cd9c:-78a6', 'RULFACT547c5381:1451ae1cd9c:-7933', 'numberofmonthsfromjan', 'Number of Months from January', 'integer', '15', 'integer', '', '', '', '', NULL, NULL, 'integer', '');
REPLACE INTO `sys_rule_fact_field` (`objid`, `parentid`, `name`, `title`, `datatype`, `sortorder`, `handler`, `lookuphandler`, `lookupkey`, `lookupvalue`, `lookupdatatype`, `multivalued`, `required`, `vardatatype`, `lovname`) VALUES ('FACTFLD547c5381:1451ae1cd9c:-78af', 'RULFACT547c5381:1451ae1cd9c:-7933', 'numberofmonthsfromqtr', 'Number of Months From Quarter', 'integer', '14', 'integer', '', '', '', '', NULL, NULL, 'integer', '');
REPLACE INTO `sys_rule_fact_field` (`objid`, `parentid`, `name`, `title`, `datatype`, `sortorder`, `handler`, `lookuphandler`, `lookupkey`, `lookupvalue`, `lookupdatatype`, `multivalued`, `required`, `vardatatype`, `lovname`) VALUES ('FACTFLD547c5381:1451ae1cd9c:-78e0', 'RULFACT547c5381:1451ae1cd9c:-7933', 'actualuse', 'Actual Use', 'string', '8', 'lookup', 'propertyclassification:lookup', 'objid', 'title', '', NULL, NULL, 'string', '');
REPLACE INTO `sys_rule_fact_field` (`objid`, `parentid`, `name`, `title`, `datatype`, `sortorder`, `handler`, `lookuphandler`, `lookupkey`, `lookupvalue`, `lookupdatatype`, `multivalued`, `required`, `vardatatype`, `lovname`) VALUES ('FACTFLD547c5381:1451ae1cd9c:-78e9', 'RULFACT547c5381:1451ae1cd9c:-7933', 'classification', 'Classification', 'string', '7', 'lookup', 'propertyclassification:lookup', 'objid', 'name', '', '0', NULL, 'string', '');
REPLACE INTO `sys_rule_fact_field` (`objid`, `parentid`, `name`, `title`, `datatype`, `sortorder`, `handler`, `lookuphandler`, `lookupkey`, `lookupvalue`, `lookupdatatype`, `multivalued`, `required`, `vardatatype`, `lovname`) VALUES ('FACTFLD547c5381:1451ae1cd9c:-78f2', 'RULFACT547c5381:1451ae1cd9c:-7933', 'txntype', 'Txn Type', 'string', '6', 'lov', '', '', '', '', NULL, NULL, 'string', 'RPT_TXN_TYPES');
REPLACE INTO `sys_rule_fact_field` (`objid`, `parentid`, `name`, `title`, `datatype`, `sortorder`, `handler`, `lookuphandler`, `lookupkey`, `lookupvalue`, `lookupdatatype`, `multivalued`, `required`, `vardatatype`, `lovname`) VALUES ('FACTFLD547c5381:1451ae1cd9c:-78fb', 'RULFACT547c5381:1451ae1cd9c:-7933', 'av', 'Assessed Value', 'decimal', '5', 'decimal', '', '', '', '', NULL, NULL, 'decimal', '');
REPLACE INTO `sys_rule_fact_field` (`objid`, `parentid`, `name`, `title`, `datatype`, `sortorder`, `handler`, `lookuphandler`, `lookupkey`, `lookupvalue`, `lookupdatatype`, `multivalued`, `required`, `vardatatype`, `lovname`) VALUES ('FACTFLD547c5381:1451ae1cd9c:-7904', 'RULFACT547c5381:1451ae1cd9c:-7933', 'originalav', 'Original AV', 'decimal', '4', 'decimal', '', '', '', '', NULL, NULL, 'decimal', '');
REPLACE INTO `sys_rule_fact_field` (`objid`, `parentid`, `name`, `title`, `datatype`, `sortorder`, `handler`, `lookuphandler`, `lookupkey`, `lookupvalue`, `lookupdatatype`, `multivalued`, `required`, `vardatatype`, `lovname`) VALUES ('FACTFLD547c5381:1451ae1cd9c:-790d', 'RULFACT547c5381:1451ae1cd9c:-7933', 'qtr', 'Qtr', 'integer', '3', 'integer', '', '', '', '', NULL, NULL, 'integer', '');
REPLACE INTO `sys_rule_fact_field` (`objid`, `parentid`, `name`, `title`, `datatype`, `sortorder`, `handler`, `lookuphandler`, `lookupkey`, `lookupvalue`, `lookupdatatype`, `multivalued`, `required`, `vardatatype`, `lovname`) VALUES ('FACTFLD547c5381:1451ae1cd9c:-7916', 'RULFACT547c5381:1451ae1cd9c:-7933', 'year', 'Year', 'integer', '2', 'integer', '', '', '', '', NULL, NULL, 'integer', '');
REPLACE INTO `sys_rule_fact_field` (`objid`, `parentid`, `name`, `title`, `datatype`, `sortorder`, `handler`, `lookuphandler`, `lookupkey`, `lookupvalue`, `lookupdatatype`, `multivalued`, `required`, `vardatatype`, `lovname`) VALUES ('FACTFLD547c5381:1451ae1cd9c:-791f', 'RULFACT547c5381:1451ae1cd9c:-7933', 'rptledger', 'RPT Ledger', 'string', '1', 'var', '', '', '', '', NULL, '0', 'rptis.landtax.facts.RPTLedgerFact', '');
REPLACE INTO `sys_rule_fact_field` (`objid`, `parentid`, `name`, `title`, `datatype`, `sortorder`, `handler`, `lookuphandler`, `lookupkey`, `lookupvalue`, `lookupdatatype`, `multivalued`, `required`, `vardatatype`, `lovname`) VALUES ('FACTFLD547c5381:1451ae1cd9c:-795c', 'RULFACT547c5381:1451ae1cd9c:-798f', 'qtrlypaymentpaidontime', 'Quarterly Payment is Paid On-Time', 'boolean', '4', 'boolean', '', '', '', '', NULL, NULL, 'boolean', '');
REPLACE INTO `sys_rule_fact_field` (`objid`, `parentid`, `name`, `title`, `datatype`, `sortorder`, `handler`, `lookuphandler`, `lookupkey`, `lookupvalue`, `lookupdatatype`, `multivalued`, `required`, `vardatatype`, `lovname`) VALUES ('FACTFLD547c5381:1451ae1cd9c:-7965', 'RULFACT547c5381:1451ae1cd9c:-798f', 'firstqtrpaidontime', '1st Qtr is Paid On-Time', 'boolean', '3', 'boolean', '', '', '', '', NULL, NULL, 'boolean', '');
REPLACE INTO `sys_rule_fact_field` (`objid`, `parentid`, `name`, `title`, `datatype`, `sortorder`, `handler`, `lookuphandler`, `lookupkey`, `lookupvalue`, `lookupdatatype`, `multivalued`, `required`, `vardatatype`, `lovname`) VALUES ('FACTFLD547c5381:1451ae1cd9c:-7970', 'RULFACT547c5381:1451ae1cd9c:-798f', 'lastqtrpaid', 'Last Qtr Paid', 'integer', '2', 'integer', '', '', '', '', NULL, NULL, 'integer', '');
REPLACE INTO `sys_rule_fact_field` (`objid`, `parentid`, `name`, `title`, `datatype`, `sortorder`, `handler`, `lookuphandler`, `lookupkey`, `lookupvalue`, `lookupdatatype`, `multivalued`, `required`, `vardatatype`, `lovname`) VALUES ('FACTFLD547c5381:1451ae1cd9c:-797b', 'RULFACT547c5381:1451ae1cd9c:-798f', 'lastyearpaid', 'Last Year Paid', 'integer', '1', 'integer', '', '', '', '', NULL, NULL, 'integer', '');
REPLACE INTO `sys_rule_fact_field` (`objid`, `parentid`, `name`, `title`, `datatype`, `sortorder`, `handler`, `lookuphandler`, `lookupkey`, `lookupvalue`, `lookupdatatype`, `multivalued`, `required`, `vardatatype`, `lovname`) VALUES ('FACTFLD600de0dd:14891e3a85f:-7851', 'RULFACT547c5381:1451ae1cd9c:-7933', 'basicidle', 'Basic Idle Land', 'decimal', '21', 'decimal', NULL, NULL, NULL, NULL, NULL, NULL, 'decimal', NULL);
REPLACE INTO `sys_rule_fact_field` (`objid`, `parentid`, `name`, `title`, `datatype`, `sortorder`, `handler`, `lookuphandler`, `lookupkey`, `lookupvalue`, `lookupdatatype`, `multivalued`, `required`, `vardatatype`, `lovname`) VALUES ('FACTFLD600de0dd:14891e3a85f:-7f9d', 'RULFACT547c5381:1451ae1cd9c:-7933', 'idleland', 'Is Idle Land?', 'boolean', '10', 'boolean', NULL, NULL, NULL, NULL, NULL, NULL, 'boolean', NULL);
REPLACE INTO `sys_rule_fact_field` (`objid`, `parentid`, `name`, `title`, `datatype`, `sortorder`, `handler`, `lookuphandler`, `lookupkey`, `lookupvalue`, `lookupdatatype`, `multivalued`, `required`, `vardatatype`, `lovname`) VALUES ('FACTFLD603bde10:15e028ba480:-7d9f', 'RULFACT547c5381:1451ae1cd9c:-798f', 'missedpayment', 'Has missed current year Quarterly Payment?', 'boolean', '6', 'boolean', NULL, NULL, NULL, NULL, NULL, NULL, 'boolean', NULL);
REPLACE INTO `sys_rule_fact_field` (`objid`, `parentid`, `name`, `title`, `datatype`, `sortorder`, `handler`, `lookuphandler`, `lookupkey`, `lookupvalue`, `lookupdatatype`, `multivalued`, `required`, `vardatatype`, `lovname`) VALUES ('FACTFLDac85f07:169c3b27e3f:-7e1d', 'RULFACT547c5381:1451ae1cd9c:-798f', 'objid', 'TD No.', 'string', '10', 'lookup', 'rptledger:lookup', 'objid', 'tdno', NULL, NULL, NULL, 'string', NULL);
REPLACE INTO `sys_rule_fact_field` (`objid`, `parentid`, `name`, `title`, `datatype`, `sortorder`, `handler`, `lookuphandler`, `lookupkey`, `lookupvalue`, `lookupdatatype`, `multivalued`, `required`, `vardatatype`, `lovname`) VALUES ('rptis.landtax.facts.AssessedValue.actualuse', 'rptis.landtax.facts.AssessedValue', 'actualuse', 'Actual Use', 'string', '4', 'var', 'propertyclassification:lookup', 'objid', 'name', NULL, NULL, '0', 'rptis.landtax.facts.Classification', NULL);
REPLACE INTO `sys_rule_fact_field` (`objid`, `parentid`, `name`, `title`, `datatype`, `sortorder`, `handler`, `lookuphandler`, `lookupkey`, `lookupvalue`, `lookupdatatype`, `multivalued`, `required`, `vardatatype`, `lovname`) VALUES ('rptis.landtax.facts.AssessedValue.av', 'rptis.landtax.facts.AssessedValue', 'av', 'Assessed Value', 'decimal', '6', 'decimal', NULL, NULL, NULL, NULL, NULL, '1', 'decimal', NULL);
REPLACE INTO `sys_rule_fact_field` (`objid`, `parentid`, `name`, `title`, `datatype`, `sortorder`, `handler`, `lookuphandler`, `lookupkey`, `lookupvalue`, `lookupdatatype`, `multivalued`, `required`, `vardatatype`, `lovname`) VALUES ('rptis.landtax.facts.AssessedValue.basicav', 'rptis.landtax.facts.AssessedValue', 'basicav', 'Basic Assessed Value', 'decimal', '7', 'decimal', NULL, NULL, NULL, NULL, NULL, NULL, 'decimal', NULL);
REPLACE INTO `sys_rule_fact_field` (`objid`, `parentid`, `name`, `title`, `datatype`, `sortorder`, `handler`, `lookuphandler`, `lookupkey`, `lookupvalue`, `lookupdatatype`, `multivalued`, `required`, `vardatatype`, `lovname`) VALUES ('rptis.landtax.facts.AssessedValue.classification', 'rptis.landtax.facts.AssessedValue', 'classification', 'Classification', 'string', '3', 'var', 'propertyclassification:lookup', 'objid', 'name', NULL, NULL, NULL, 'rptis.landtax.facts.Classification', NULL);
REPLACE INTO `sys_rule_fact_field` (`objid`, `parentid`, `name`, `title`, `datatype`, `sortorder`, `handler`, `lookuphandler`, `lookupkey`, `lookupvalue`, `lookupdatatype`, `multivalued`, `required`, `vardatatype`, `lovname`) VALUES ('rptis.landtax.facts.AssessedValue.idleland', 'rptis.landtax.facts.AssessedValue', 'idleland', 'Is Idle Land?', 'boolean', '9', 'boolean', NULL, NULL, NULL, NULL, NULL, NULL, 'boolean', NULL);
REPLACE INTO `sys_rule_fact_field` (`objid`, `parentid`, `name`, `title`, `datatype`, `sortorder`, `handler`, `lookuphandler`, `lookupkey`, `lookupvalue`, `lookupdatatype`, `multivalued`, `required`, `vardatatype`, `lovname`) VALUES ('rptis.landtax.facts.AssessedValue.rputype', 'rptis.landtax.facts.AssessedValue', 'rputype', 'Property Type', 'string', '1', 'lov', NULL, NULL, NULL, NULL, NULL, NULL, 'string', 'RPT_RPUTYPES');
REPLACE INTO `sys_rule_fact_field` (`objid`, `parentid`, `name`, `title`, `datatype`, `sortorder`, `handler`, `lookuphandler`, `lookupkey`, `lookupvalue`, `lookupdatatype`, `multivalued`, `required`, `vardatatype`, `lovname`) VALUES ('rptis.landtax.facts.AssessedValue.sefav', 'rptis.landtax.facts.AssessedValue', 'sefav', 'SEF Assessed Value', 'decimal', '8', 'decimal', NULL, NULL, NULL, NULL, NULL, NULL, 'decimal', NULL);
REPLACE INTO `sys_rule_fact_field` (`objid`, `parentid`, `name`, `title`, `datatype`, `sortorder`, `handler`, `lookuphandler`, `lookupkey`, `lookupvalue`, `lookupdatatype`, `multivalued`, `required`, `vardatatype`, `lovname`) VALUES ('rptis.landtax.facts.AssessedValue.txntype', 'rptis.landtax.facts.AssessedValue', 'txntype', 'Transaction Type', 'string', '2', 'lov', NULL, NULL, NULL, NULL, NULL, NULL, 'string', 'RPT_TXN_TYPES');
REPLACE INTO `sys_rule_fact_field` (`objid`, `parentid`, `name`, `title`, `datatype`, `sortorder`, `handler`, `lookuphandler`, `lookupkey`, `lookupvalue`, `lookupdatatype`, `multivalued`, `required`, `vardatatype`, `lovname`) VALUES ('rptis.landtax.facts.AssessedValue.year', 'rptis.landtax.facts.AssessedValue', 'year', 'Year', 'integer', '5', 'integer', NULL, NULL, NULL, NULL, NULL, '1', 'integer', NULL);
REPLACE INTO `sys_rule_fact_field` (`objid`, `parentid`, `name`, `title`, `datatype`, `sortorder`, `handler`, `lookuphandler`, `lookupkey`, `lookupvalue`, `lookupdatatype`, `multivalued`, `required`, `vardatatype`, `lovname`) VALUES ('rptis.landtax.facts.Bill.advancebill', 'rptis.landtax.facts.Bill', 'advancebill', 'Is Advance Billing?', 'boolean', '6', 'boolean', NULL, NULL, NULL, NULL, NULL, NULL, 'boolean', NULL);
REPLACE INTO `sys_rule_fact_field` (`objid`, `parentid`, `name`, `title`, `datatype`, `sortorder`, `handler`, `lookuphandler`, `lookupkey`, `lookupvalue`, `lookupdatatype`, `multivalued`, `required`, `vardatatype`, `lovname`) VALUES ('rptis.landtax.facts.Bill.billdate', 'rptis.landtax.facts.Bill', 'billdate', 'Bill Date', 'date', '5', 'date', NULL, NULL, NULL, NULL, NULL, NULL, 'date', NULL);
REPLACE INTO `sys_rule_fact_field` (`objid`, `parentid`, `name`, `title`, `datatype`, `sortorder`, `handler`, `lookuphandler`, `lookupkey`, `lookupvalue`, `lookupdatatype`, `multivalued`, `required`, `vardatatype`, `lovname`) VALUES ('rptis.landtax.facts.Bill.billtoqtr', 'rptis.landtax.facts.Bill', 'billtoqtr', 'Quarter', 'integer', '2', 'integer', NULL, NULL, NULL, NULL, NULL, '0', 'integer', NULL);
REPLACE INTO `sys_rule_fact_field` (`objid`, `parentid`, `name`, `title`, `datatype`, `sortorder`, `handler`, `lookuphandler`, `lookupkey`, `lookupvalue`, `lookupdatatype`, `multivalued`, `required`, `vardatatype`, `lovname`) VALUES ('rptis.landtax.facts.Bill.billtoyear', 'rptis.landtax.facts.Bill', 'billtoyear', 'Year', 'integer', '1', 'integer', NULL, NULL, NULL, NULL, NULL, NULL, 'integer', NULL);
REPLACE INTO `sys_rule_fact_field` (`objid`, `parentid`, `name`, `title`, `datatype`, `sortorder`, `handler`, `lookuphandler`, `lookupkey`, `lookupvalue`, `lookupdatatype`, `multivalued`, `required`, `vardatatype`, `lovname`) VALUES ('rptis.landtax.facts.Bill.currentdate', 'rptis.landtax.facts.Bill', 'currentdate', 'Current Date', 'date', '3', 'date', NULL, NULL, NULL, NULL, NULL, NULL, 'date', NULL);
REPLACE INTO `sys_rule_fact_field` (`objid`, `parentid`, `name`, `title`, `datatype`, `sortorder`, `handler`, `lookuphandler`, `lookupkey`, `lookupvalue`, `lookupdatatype`, `multivalued`, `required`, `vardatatype`, `lovname`) VALUES ('rptis.landtax.facts.Bill.forpayment', 'rptis.landtax.facts.Bill', 'forpayment', 'Is for Payment?', 'boolean', '4', 'boolean', NULL, NULL, NULL, NULL, NULL, NULL, 'boolean', NULL);
REPLACE INTO `sys_rule_fact_field` (`objid`, `parentid`, `name`, `title`, `datatype`, `sortorder`, `handler`, `lookuphandler`, `lookupkey`, `lookupvalue`, `lookupdatatype`, `multivalued`, `required`, `vardatatype`, `lovname`) VALUES ('rptis.landtax.facts.Classification.objid', 'rptis.landtax.facts.Classification', 'objid', 'Classification', 'string', '1', 'lookup', 'propertyclassification:lookup', 'objid', 'name', NULL, NULL, NULL, 'string', NULL);
REPLACE INTO `sys_rule_fact_field` (`objid`, `parentid`, `name`, `title`, `datatype`, `sortorder`, `handler`, `lookuphandler`, `lookupkey`, `lookupvalue`, `lookupdatatype`, `multivalued`, `required`, `vardatatype`, `lovname`) VALUES ('rptis.landtax.facts.RPTBillItem.amount', 'rptis.landtax.facts.RPTBillItem', 'amount', 'Amount', 'decimal', '5', 'decimal', NULL, NULL, NULL, NULL, NULL, NULL, 'decimal', NULL);
REPLACE INTO `sys_rule_fact_field` (`objid`, `parentid`, `name`, `title`, `datatype`, `sortorder`, `handler`, `lookuphandler`, `lookupkey`, `lookupvalue`, `lookupdatatype`, `multivalued`, `required`, `vardatatype`, `lovname`) VALUES ('rptis.landtax.facts.RPTBillItem.parentacctid', 'rptis.landtax.facts.RPTBillItem', 'parentacctid', 'Account', 'string', '1', 'lookup', 'revenueitem:lookup', 'objid', 'title', NULL, NULL, NULL, 'string', NULL);
REPLACE INTO `sys_rule_fact_field` (`objid`, `parentid`, `name`, `title`, `datatype`, `sortorder`, `handler`, `lookuphandler`, `lookupkey`, `lookupvalue`, `lookupdatatype`, `multivalued`, `required`, `vardatatype`, `lovname`) VALUES ('rptis.landtax.facts.RPTBillItem.revperiod', 'rptis.landtax.facts.RPTBillItem', 'revperiod', 'Revenue Period', 'string', '3', 'lov', NULL, NULL, NULL, NULL, NULL, NULL, 'string', 'RPT_REVENUE_PERIODS');
REPLACE INTO `sys_rule_fact_field` (`objid`, `parentid`, `name`, `title`, `datatype`, `sortorder`, `handler`, `lookuphandler`, `lookupkey`, `lookupvalue`, `lookupdatatype`, `multivalued`, `required`, `vardatatype`, `lovname`) VALUES ('rptis.landtax.facts.RPTBillItem.revtype', 'rptis.landtax.facts.RPTBillItem', 'revtype', 'Revenue Type', 'string', '2', 'lov', NULL, NULL, NULL, NULL, NULL, NULL, 'string', 'RPT_BILLING_REVENUE_TYPES');
REPLACE INTO `sys_rule_fact_field` (`objid`, `parentid`, `name`, `title`, `datatype`, `sortorder`, `handler`, `lookuphandler`, `lookupkey`, `lookupvalue`, `lookupdatatype`, `multivalued`, `required`, `vardatatype`, `lovname`) VALUES ('rptis.landtax.facts.RPTBillItem.sharetype', 'rptis.landtax.facts.RPTBillItem', 'sharetype', 'Share Type', 'string', '4', 'lov', NULL, NULL, NULL, NULL, NULL, NULL, 'string', 'RPT_BILLING_LGU_TYPES');
REPLACE INTO `sys_rule_fact_field` (`objid`, `parentid`, `name`, `title`, `datatype`, `sortorder`, `handler`, `lookuphandler`, `lookupkey`, `lookupvalue`, `lookupdatatype`, `multivalued`, `required`, `vardatatype`, `lovname`) VALUES ('rptis.landtax.facts.RPTIncentive.basicrate', 'rptis.landtax.facts.RPTIncentive', 'basicrate', 'Basic Rate', 'decimal', '2', 'decimal', NULL, NULL, NULL, NULL, NULL, NULL, 'decimal', NULL);
REPLACE INTO `sys_rule_fact_field` (`objid`, `parentid`, `name`, `title`, `datatype`, `sortorder`, `handler`, `lookuphandler`, `lookupkey`, `lookupvalue`, `lookupdatatype`, `multivalued`, `required`, `vardatatype`, `lovname`) VALUES ('rptis.landtax.facts.RPTIncentive.fromyear', 'rptis.landtax.facts.RPTIncentive', 'fromyear', 'From Year', 'integer', '4', 'integer', NULL, NULL, NULL, NULL, NULL, NULL, 'integer', NULL);
REPLACE INTO `sys_rule_fact_field` (`objid`, `parentid`, `name`, `title`, `datatype`, `sortorder`, `handler`, `lookuphandler`, `lookupkey`, `lookupvalue`, `lookupdatatype`, `multivalued`, `required`, `vardatatype`, `lovname`) VALUES ('rptis.landtax.facts.RPTIncentive.rptledger', 'rptis.landtax.facts.RPTIncentive', 'rptledger', 'Ledger', 'string', '1', 'var', NULL, NULL, NULL, NULL, NULL, NULL, 'rptis.landtax.facts.RPTLedgerFact', NULL);
REPLACE INTO `sys_rule_fact_field` (`objid`, `parentid`, `name`, `title`, `datatype`, `sortorder`, `handler`, `lookuphandler`, `lookupkey`, `lookupvalue`, `lookupdatatype`, `multivalued`, `required`, `vardatatype`, `lovname`) VALUES ('rptis.landtax.facts.RPTIncentive.sefrate', 'rptis.landtax.facts.RPTIncentive', 'sefrate', 'SEF Rate', 'decimal', '3', 'decimal', NULL, NULL, NULL, NULL, NULL, NULL, 'decimal', NULL);
REPLACE INTO `sys_rule_fact_field` (`objid`, `parentid`, `name`, `title`, `datatype`, `sortorder`, `handler`, `lookuphandler`, `lookupkey`, `lookupvalue`, `lookupdatatype`, `multivalued`, `required`, `vardatatype`, `lovname`) VALUES ('rptis.landtax.facts.RPTIncentive.toyear', 'rptis.landtax.facts.RPTIncentive', 'toyear', 'To Year', 'integer', '5', 'integer', NULL, NULL, NULL, NULL, NULL, NULL, 'integer', NULL);
REPLACE INTO `sys_rule_fact_field` (`objid`, `parentid`, `name`, `title`, `datatype`, `sortorder`, `handler`, `lookuphandler`, `lookupkey`, `lookupvalue`, `lookupdatatype`, `multivalued`, `required`, `vardatatype`, `lovname`) VALUES ('rptis.landtax.facts.RPTLedgerFact.barangay', 'rptis.landtax.facts.RPTLedgerFact', 'barangay', 'Barangay', 'string', '8', 'lookup', 'barangay:lookup', 'objid', 'name', '', NULL, NULL, 'string', '');
REPLACE INTO `sys_rule_fact_field` (`objid`, `parentid`, `name`, `title`, `datatype`, `sortorder`, `handler`, `lookuphandler`, `lookupkey`, `lookupvalue`, `lookupdatatype`, `multivalued`, `required`, `vardatatype`, `lovname`) VALUES ('rptis.landtax.facts.RPTLedgerFact.barangayid', 'rptis.landtax.facts.RPTLedgerFact', 'barangayid', 'Barangay ID', 'string', '12', 'lookup', 'barangay:lookup', 'objid', 'name', NULL, NULL, NULL, 'string', NULL);
REPLACE INTO `sys_rule_fact_field` (`objid`, `parentid`, `name`, `title`, `datatype`, `sortorder`, `handler`, `lookuphandler`, `lookupkey`, `lookupvalue`, `lookupdatatype`, `multivalued`, `required`, `vardatatype`, `lovname`) VALUES ('rptis.landtax.facts.RPTLedgerFact.firstqtrpaidontime', 'rptis.landtax.facts.RPTLedgerFact', 'firstqtrpaidontime', '1st Qtr is Paid On-Time', 'boolean', '4', 'boolean', '', '', '', '', NULL, NULL, 'boolean', '');
REPLACE INTO `sys_rule_fact_field` (`objid`, `parentid`, `name`, `title`, `datatype`, `sortorder`, `handler`, `lookuphandler`, `lookupkey`, `lookupvalue`, `lookupdatatype`, `multivalued`, `required`, `vardatatype`, `lovname`) VALUES ('rptis.landtax.facts.RPTLedgerFact.lastqtrpaid', 'rptis.landtax.facts.RPTLedgerFact', 'lastqtrpaid', 'Last Qtr Paid', 'integer', '3', 'integer', '', '', '', '', NULL, NULL, 'integer', '');
REPLACE INTO `sys_rule_fact_field` (`objid`, `parentid`, `name`, `title`, `datatype`, `sortorder`, `handler`, `lookuphandler`, `lookupkey`, `lookupvalue`, `lookupdatatype`, `multivalued`, `required`, `vardatatype`, `lovname`) VALUES ('rptis.landtax.facts.RPTLedgerFact.lastyearpaid', 'rptis.landtax.facts.RPTLedgerFact', 'lastyearpaid', 'Last Year Paid', 'integer', '2', 'integer', '', '', '', '', NULL, NULL, 'integer', '');
REPLACE INTO `sys_rule_fact_field` (`objid`, `parentid`, `name`, `title`, `datatype`, `sortorder`, `handler`, `lookuphandler`, `lookupkey`, `lookupvalue`, `lookupdatatype`, `multivalued`, `required`, `vardatatype`, `lovname`) VALUES ('rptis.landtax.facts.RPTLedgerFact.lguid', 'rptis.landtax.facts.RPTLedgerFact', 'lguid', 'LGU ID', 'string', '11', 'lookup', 'municipality:lookup', 'objid', 'name', NULL, NULL, NULL, 'string', NULL);
REPLACE INTO `sys_rule_fact_field` (`objid`, `parentid`, `name`, `title`, `datatype`, `sortorder`, `handler`, `lookuphandler`, `lookupkey`, `lookupvalue`, `lookupdatatype`, `multivalued`, `required`, `vardatatype`, `lovname`) VALUES ('rptis.landtax.facts.RPTLedgerFact.missedpayment', 'rptis.landtax.facts.RPTLedgerFact', 'missedpayment', 'Has missed current year Quarterly Payment?', 'boolean', '7', 'boolean', NULL, NULL, NULL, NULL, NULL, NULL, 'boolean', NULL);
REPLACE INTO `sys_rule_fact_field` (`objid`, `parentid`, `name`, `title`, `datatype`, `sortorder`, `handler`, `lookuphandler`, `lookupkey`, `lookupvalue`, `lookupdatatype`, `multivalued`, `required`, `vardatatype`, `lovname`) VALUES ('rptis.landtax.facts.RPTLedgerFact.objid', 'rptis.landtax.facts.RPTLedgerFact', 'objid', 'TD No.', 'string', '1', 'lookup', 'rptledger:lookup', 'objid', 'tdno', NULL, NULL, NULL, 'string', NULL);
REPLACE INTO `sys_rule_fact_field` (`objid`, `parentid`, `name`, `title`, `datatype`, `sortorder`, `handler`, `lookuphandler`, `lookupkey`, `lookupvalue`, `lookupdatatype`, `multivalued`, `required`, `vardatatype`, `lovname`) VALUES ('rptis.landtax.facts.RPTLedgerFact.parentlguid', 'rptis.landtax.facts.RPTLedgerFact', 'parentlguid', 'Parent LGU', 'string', '10', 'lookup', 'province:lookup', 'objid', 'name', NULL, NULL, NULL, 'string', NULL);
REPLACE INTO `sys_rule_fact_field` (`objid`, `parentid`, `name`, `title`, `datatype`, `sortorder`, `handler`, `lookuphandler`, `lookupkey`, `lookupvalue`, `lookupdatatype`, `multivalued`, `required`, `vardatatype`, `lovname`) VALUES ('rptis.landtax.facts.RPTLedgerFact.qtrlypaymentpaidontime', 'rptis.landtax.facts.RPTLedgerFact', 'qtrlypaymentpaidontime', 'Quarterly Payment is Paid On-Time', 'boolean', '5', 'boolean', '', '', '', '', NULL, NULL, 'boolean', '');
REPLACE INTO `sys_rule_fact_field` (`objid`, `parentid`, `name`, `title`, `datatype`, `sortorder`, `handler`, `lookuphandler`, `lookupkey`, `lookupvalue`, `lookupdatatype`, `multivalued`, `required`, `vardatatype`, `lovname`) VALUES ('rptis.landtax.facts.RPTLedgerFact.rputype', 'rptis.landtax.facts.RPTLedgerFact', 'rputype', 'Property Type', 'string', '9', 'lov', '', '', '', '', NULL, NULL, 'string', 'RPT_RPUTYPES');
REPLACE INTO `sys_rule_fact_field` (`objid`, `parentid`, `name`, `title`, `datatype`, `sortorder`, `handler`, `lookuphandler`, `lookupkey`, `lookupvalue`, `lookupdatatype`, `multivalued`, `required`, `vardatatype`, `lovname`) VALUES ('rptis.landtax.facts.RPTLedgerFact.taxpayerid', 'rptis.landtax.facts.RPTLedgerFact', 'taxpayerid', 'Taxpayer', 'string', '13', 'lookup', 'entity:lookup', 'objid', 'name', NULL, NULL, NULL, 'string', NULL);
REPLACE INTO `sys_rule_fact_field` (`objid`, `parentid`, `name`, `title`, `datatype`, `sortorder`, `handler`, `lookuphandler`, `lookupkey`, `lookupvalue`, `lookupdatatype`, `multivalued`, `required`, `vardatatype`, `lovname`) VALUES ('rptis.landtax.facts.RPTLedgerFact.undercompromise', 'rptis.landtax.facts.RPTLedgerFact', 'undercompromise', 'Is under Compromise?', 'boolean', '6', 'boolean', NULL, NULL, NULL, NULL, NULL, NULL, 'boolean', NULL);
REPLACE INTO `sys_rule_fact_field` (`objid`, `parentid`, `name`, `title`, `datatype`, `sortorder`, `handler`, `lookuphandler`, `lookupkey`, `lookupvalue`, `lookupdatatype`, `multivalued`, `required`, `vardatatype`, `lovname`) VALUES ('rptis.landtax.facts.RPTLedgerItemFact.actualuse', 'rptis.landtax.facts.RPTLedgerItemFact', 'actualuse', 'Actual Use', 'string', '9', 'lookup', 'propertyclassification:lookup', 'objid', 'name', NULL, NULL, NULL, 'string', NULL);
REPLACE INTO `sys_rule_fact_field` (`objid`, `parentid`, `name`, `title`, `datatype`, `sortorder`, `handler`, `lookuphandler`, `lookupkey`, `lookupvalue`, `lookupdatatype`, `multivalued`, `required`, `vardatatype`, `lovname`) VALUES ('rptis.landtax.facts.RPTLedgerItemFact.amtdue', 'rptis.landtax.facts.RPTLedgerItemFact', 'amtdue', 'Tax', 'decimal', '21', 'decimal', '', '', '', '', NULL, NULL, 'decimal', '');
REPLACE INTO `sys_rule_fact_field` (`objid`, `parentid`, `name`, `title`, `datatype`, `sortorder`, `handler`, `lookuphandler`, `lookupkey`, `lookupvalue`, `lookupdatatype`, `multivalued`, `required`, `vardatatype`, `lovname`) VALUES ('rptis.landtax.facts.RPTLedgerItemFact.av', 'rptis.landtax.facts.RPTLedgerItemFact', 'av', 'Assessed Value', 'decimal', '4', 'decimal', '', '', '', '', NULL, NULL, 'decimal', '');
REPLACE INTO `sys_rule_fact_field` (`objid`, `parentid`, `name`, `title`, `datatype`, `sortorder`, `handler`, `lookuphandler`, `lookupkey`, `lookupvalue`, `lookupdatatype`, `multivalued`, `required`, `vardatatype`, `lovname`) VALUES ('rptis.landtax.facts.RPTLedgerItemFact.backtax', 'rptis.landtax.facts.RPTLedgerItemFact', 'backtax', 'Is Back Tax?', 'boolean', '18', 'boolean', '', '', '', '', NULL, NULL, 'boolean', '');
REPLACE INTO `sys_rule_fact_field` (`objid`, `parentid`, `name`, `title`, `datatype`, `sortorder`, `handler`, `lookuphandler`, `lookupkey`, `lookupvalue`, `lookupdatatype`, `multivalued`, `required`, `vardatatype`, `lovname`) VALUES ('rptis.landtax.facts.RPTLedgerItemFact.basicav', 'rptis.landtax.facts.RPTLedgerItemFact', 'basicav', 'AV for Basic', 'decimal', '5', 'decimal', NULL, NULL, NULL, NULL, NULL, NULL, 'decimal', NULL);
REPLACE INTO `sys_rule_fact_field` (`objid`, `parentid`, `name`, `title`, `datatype`, `sortorder`, `handler`, `lookuphandler`, `lookupkey`, `lookupvalue`, `lookupdatatype`, `multivalued`, `required`, `vardatatype`, `lovname`) VALUES ('rptis.landtax.facts.RPTLedgerItemFact.classification', 'rptis.landtax.facts.RPTLedgerItemFact', 'classification', 'Classification', 'string', '8', 'lookup', 'propertyclassification:lookup', 'objid', 'name', '', '0', NULL, 'string', '');
REPLACE INTO `sys_rule_fact_field` (`objid`, `parentid`, `name`, `title`, `datatype`, `sortorder`, `handler`, `lookuphandler`, `lookupkey`, `lookupvalue`, `lookupdatatype`, `multivalued`, `required`, `vardatatype`, `lovname`) VALUES ('rptis.landtax.facts.RPTLedgerItemFact.discount', 'rptis.landtax.facts.RPTLedgerItemFact', 'discount', 'Discount', 'decimal', '23', 'decimal', NULL, NULL, NULL, NULL, NULL, NULL, 'decimal', NULL);
REPLACE INTO `sys_rule_fact_field` (`objid`, `parentid`, `name`, `title`, `datatype`, `sortorder`, `handler`, `lookuphandler`, `lookupkey`, `lookupvalue`, `lookupdatatype`, `multivalued`, `required`, `vardatatype`, `lovname`) VALUES ('rptis.landtax.facts.RPTLedgerItemFact.fullypaid', 'rptis.landtax.facts.RPTLedgerItemFact', 'fullypaid', 'Is Fully Paid?', 'boolean', '13', 'boolean', NULL, NULL, NULL, NULL, NULL, NULL, 'boolean', NULL);
REPLACE INTO `sys_rule_fact_field` (`objid`, `parentid`, `name`, `title`, `datatype`, `sortorder`, `handler`, `lookuphandler`, `lookupkey`, `lookupvalue`, `lookupdatatype`, `multivalued`, `required`, `vardatatype`, `lovname`) VALUES ('rptis.landtax.facts.RPTLedgerItemFact.idleland', 'rptis.landtax.facts.RPTLedgerItemFact', 'idleland', 'Is Idle Land?', 'boolean', '12', 'boolean', NULL, NULL, NULL, NULL, NULL, NULL, 'boolean', NULL);
REPLACE INTO `sys_rule_fact_field` (`objid`, `parentid`, `name`, `title`, `datatype`, `sortorder`, `handler`, `lookuphandler`, `lookupkey`, `lookupvalue`, `lookupdatatype`, `multivalued`, `required`, `vardatatype`, `lovname`) VALUES ('rptis.landtax.facts.RPTLedgerItemFact.interest', 'rptis.landtax.facts.RPTLedgerItemFact', 'interest', 'Interest', 'decimal', '22', 'decimal', '', '', '', '', NULL, NULL, 'decimal', '');
REPLACE INTO `sys_rule_fact_field` (`objid`, `parentid`, `name`, `title`, `datatype`, `sortorder`, `handler`, `lookuphandler`, `lookupkey`, `lookupvalue`, `lookupdatatype`, `multivalued`, `required`, `vardatatype`, `lovname`) VALUES ('rptis.landtax.facts.RPTLedgerItemFact.monthsfromjan', 'rptis.landtax.facts.RPTLedgerItemFact', 'monthsfromjan', 'Number of Months from January', 'integer', '17', 'integer', '', '', '', '', NULL, NULL, 'integer', '');
REPLACE INTO `sys_rule_fact_field` (`objid`, `parentid`, `name`, `title`, `datatype`, `sortorder`, `handler`, `lookuphandler`, `lookupkey`, `lookupvalue`, `lookupdatatype`, `multivalued`, `required`, `vardatatype`, `lovname`) VALUES ('rptis.landtax.facts.RPTLedgerItemFact.monthsfromqtr', 'rptis.landtax.facts.RPTLedgerItemFact', 'monthsfromqtr', 'Number of Months From Quarter', 'integer', '16', 'integer', '', '', '', '', NULL, NULL, 'integer', '');
REPLACE INTO `sys_rule_fact_field` (`objid`, `parentid`, `name`, `title`, `datatype`, `sortorder`, `handler`, `lookuphandler`, `lookupkey`, `lookupvalue`, `lookupdatatype`, `multivalued`, `required`, `vardatatype`, `lovname`) VALUES ('rptis.landtax.facts.RPTLedgerItemFact.originalav', 'rptis.landtax.facts.RPTLedgerItemFact', 'originalav', 'Original AV', 'decimal', '10', 'decimal', '', '', '', '', NULL, NULL, 'decimal', '');
REPLACE INTO `sys_rule_fact_field` (`objid`, `parentid`, `name`, `title`, `datatype`, `sortorder`, `handler`, `lookuphandler`, `lookupkey`, `lookupvalue`, `lookupdatatype`, `multivalued`, `required`, `vardatatype`, `lovname`) VALUES ('rptis.landtax.facts.RPTLedgerItemFact.qtr', 'rptis.landtax.facts.RPTLedgerItemFact', 'qtr', 'Qtr', 'integer', '2', 'integer', '', '', '', '', NULL, NULL, 'integer', '');
REPLACE INTO `sys_rule_fact_field` (`objid`, `parentid`, `name`, `title`, `datatype`, `sortorder`, `handler`, `lookuphandler`, `lookupkey`, `lookupvalue`, `lookupdatatype`, `multivalued`, `required`, `vardatatype`, `lovname`) VALUES ('rptis.landtax.facts.RPTLedgerItemFact.qtrly', 'rptis.landtax.facts.RPTLedgerItemFact', 'qtrly', 'Is quarterly computed?', 'boolean', '24', 'boolean', NULL, NULL, NULL, NULL, NULL, NULL, 'boolean', NULL);
REPLACE INTO `sys_rule_fact_field` (`objid`, `parentid`, `name`, `title`, `datatype`, `sortorder`, `handler`, `lookuphandler`, `lookupkey`, `lookupvalue`, `lookupdatatype`, `multivalued`, `required`, `vardatatype`, `lovname`) VALUES ('rptis.landtax.facts.RPTLedgerItemFact.qtrlypaymentavailed', 'rptis.landtax.facts.RPTLedgerItemFact', 'qtrlypaymentavailed', 'Is Quarterly Payment?', 'boolean', '14', 'boolean', NULL, NULL, NULL, NULL, NULL, NULL, 'boolean', NULL);
REPLACE INTO `sys_rule_fact_field` (`objid`, `parentid`, `name`, `title`, `datatype`, `sortorder`, `handler`, `lookuphandler`, `lookupkey`, `lookupvalue`, `lookupdatatype`, `multivalued`, `required`, `vardatatype`, `lovname`) VALUES ('rptis.landtax.facts.RPTLedgerItemFact.reclassed', 'rptis.landtax.facts.RPTLedgerItemFact', 'reclassed', 'Is Reclassed?', 'boolean', '11', 'boolean', '', '', '', '', NULL, NULL, 'boolean', '');
REPLACE INTO `sys_rule_fact_field` (`objid`, `parentid`, `name`, `title`, `datatype`, `sortorder`, `handler`, `lookuphandler`, `lookupkey`, `lookupvalue`, `lookupdatatype`, `multivalued`, `required`, `vardatatype`, `lovname`) VALUES ('rptis.landtax.facts.RPTLedgerItemFact.revperiod', 'rptis.landtax.facts.RPTLedgerItemFact', 'revperiod', 'Revenue Period', 'string', '20', 'lov', '', '', '', '', NULL, NULL, 'string', 'RPT_REVENUE_PERIODS');
REPLACE INTO `sys_rule_fact_field` (`objid`, `parentid`, `name`, `title`, `datatype`, `sortorder`, `handler`, `lookuphandler`, `lookupkey`, `lookupvalue`, `lookupdatatype`, `multivalued`, `required`, `vardatatype`, `lovname`) VALUES ('rptis.landtax.facts.RPTLedgerItemFact.revtype', 'rptis.landtax.facts.RPTLedgerItemFact', 'revtype', 'Revenue Type', 'string', '19', 'lov', NULL, NULL, NULL, NULL, NULL, NULL, 'string', 'RPT_BILLING_REVENUE_TYPES');
REPLACE INTO `sys_rule_fact_field` (`objid`, `parentid`, `name`, `title`, `datatype`, `sortorder`, `handler`, `lookuphandler`, `lookupkey`, `lookupvalue`, `lookupdatatype`, `multivalued`, `required`, `vardatatype`, `lovname`) VALUES ('rptis.landtax.facts.RPTLedgerItemFact.rptledger', 'rptis.landtax.facts.RPTLedgerItemFact', 'rptledger', 'RPT Ledger', 'string', '3', 'var', '', '', '', '', NULL, '0', 'rptis.landtax.facts.RPTLedgerFact', '');
REPLACE INTO `sys_rule_fact_field` (`objid`, `parentid`, `name`, `title`, `datatype`, `sortorder`, `handler`, `lookuphandler`, `lookupkey`, `lookupvalue`, `lookupdatatype`, `multivalued`, `required`, `vardatatype`, `lovname`) VALUES ('rptis.landtax.facts.RPTLedgerItemFact.sefav', 'rptis.landtax.facts.RPTLedgerItemFact', 'sefav', 'AV for SEF', 'decimal', '6', 'decimal', NULL, NULL, NULL, NULL, NULL, NULL, 'decimal', NULL);
REPLACE INTO `sys_rule_fact_field` (`objid`, `parentid`, `name`, `title`, `datatype`, `sortorder`, `handler`, `lookuphandler`, `lookupkey`, `lookupvalue`, `lookupdatatype`, `multivalued`, `required`, `vardatatype`, `lovname`) VALUES ('rptis.landtax.facts.RPTLedgerItemFact.taxdifference', 'rptis.landtax.facts.RPTLedgerItemFact', 'taxdifference', 'Is Tax Difference?', 'boolean', '15', 'boolean', NULL, NULL, NULL, NULL, NULL, NULL, 'boolean', NULL);
REPLACE INTO `sys_rule_fact_field` (`objid`, `parentid`, `name`, `title`, `datatype`, `sortorder`, `handler`, `lookuphandler`, `lookupkey`, `lookupvalue`, `lookupdatatype`, `multivalued`, `required`, `vardatatype`, `lovname`) VALUES ('rptis.landtax.facts.RPTLedgerItemFact.txntype', 'rptis.landtax.facts.RPTLedgerItemFact', 'txntype', 'Txn Type', 'string', '7', 'lov', '', '', '', '', NULL, NULL, 'string', 'RPT_TXN_TYPES');
REPLACE INTO `sys_rule_fact_field` (`objid`, `parentid`, `name`, `title`, `datatype`, `sortorder`, `handler`, `lookuphandler`, `lookupkey`, `lookupvalue`, `lookupdatatype`, `multivalued`, `required`, `vardatatype`, `lovname`) VALUES ('rptis.landtax.facts.RPTLedgerItemFact.year', 'rptis.landtax.facts.RPTLedgerItemFact', 'year', 'Year', 'integer', '1', 'integer', '', '', '', '', NULL, NULL, 'integer', '');
REPLACE INTO `sys_rule_fact_field` (`objid`, `parentid`, `name`, `title`, `datatype`, `sortorder`, `handler`, `lookuphandler`, `lookupkey`, `lookupvalue`, `lookupdatatype`, `multivalued`, `required`, `vardatatype`, `lovname`) VALUES ('rptis.landtax.facts.RPTLedgerTaxSummaryFact.amount', 'rptis.landtax.facts.RPTLedgerTaxSummaryFact', 'amount', 'Amount', 'decimal', '6', 'decimal', '', '', '', '', NULL, '0', 'decimal', '');
REPLACE INTO `sys_rule_fact_field` (`objid`, `parentid`, `name`, `title`, `datatype`, `sortorder`, `handler`, `lookuphandler`, `lookupkey`, `lookupvalue`, `lookupdatatype`, `multivalued`, `required`, `vardatatype`, `lovname`) VALUES ('rptis.landtax.facts.RPTLedgerTaxSummaryFact.discount', 'rptis.landtax.facts.RPTLedgerTaxSummaryFact', 'discount', 'Discount', 'decimal', '7', 'decimal', '', '', '', '', NULL, '0', 'decimal', '');
REPLACE INTO `sys_rule_fact_field` (`objid`, `parentid`, `name`, `title`, `datatype`, `sortorder`, `handler`, `lookuphandler`, `lookupkey`, `lookupvalue`, `lookupdatatype`, `multivalued`, `required`, `vardatatype`, `lovname`) VALUES ('rptis.landtax.facts.RPTLedgerTaxSummaryFact.firecode', 'rptis.landtax.facts.RPTLedgerTaxSummaryFact', 'firecode', 'Fire Code', 'decimal', '10', 'decimal', '', '', '', '', NULL, NULL, 'decimal', '');
REPLACE INTO `sys_rule_fact_field` (`objid`, `parentid`, `name`, `title`, `datatype`, `sortorder`, `handler`, `lookuphandler`, `lookupkey`, `lookupvalue`, `lookupdatatype`, `multivalued`, `required`, `vardatatype`, `lovname`) VALUES ('rptis.landtax.facts.RPTLedgerTaxSummaryFact.interest', 'rptis.landtax.facts.RPTLedgerTaxSummaryFact', 'interest', 'Interest', 'decimal', '8', 'decimal', '', '', '', '', NULL, '0', 'decimal', '');
REPLACE INTO `sys_rule_fact_field` (`objid`, `parentid`, `name`, `title`, `datatype`, `sortorder`, `handler`, `lookuphandler`, `lookupkey`, `lookupvalue`, `lookupdatatype`, `multivalued`, `required`, `vardatatype`, `lovname`) VALUES ('rptis.landtax.facts.RPTLedgerTaxSummaryFact.ledger', 'rptis.landtax.facts.RPTLedgerTaxSummaryFact', 'ledger', 'Ledger', 'string', '1', 'var', NULL, NULL, NULL, NULL, NULL, NULL, 'rptis.landtax.facts.RPTLedgerFact', NULL);
REPLACE INTO `sys_rule_fact_field` (`objid`, `parentid`, `name`, `title`, `datatype`, `sortorder`, `handler`, `lookuphandler`, `lookupkey`, `lookupvalue`, `lookupdatatype`, `multivalued`, `required`, `vardatatype`, `lovname`) VALUES ('rptis.landtax.facts.RPTLedgerTaxSummaryFact.objid', 'rptis.landtax.facts.RPTLedgerTaxSummaryFact', 'objid', 'Variable Name', 'string', '2', 'lookup', 'rptparameter:lookup', 'name', 'name', '', NULL, '0', 'string', '');
REPLACE INTO `sys_rule_fact_field` (`objid`, `parentid`, `name`, `title`, `datatype`, `sortorder`, `handler`, `lookuphandler`, `lookupkey`, `lookupvalue`, `lookupdatatype`, `multivalued`, `required`, `vardatatype`, `lovname`) VALUES ('rptis.landtax.facts.RPTLedgerTaxSummaryFact.revperiod', 'rptis.landtax.facts.RPTLedgerTaxSummaryFact', 'revperiod', 'Revenue Period', 'string', '5', 'lov', NULL, NULL, NULL, NULL, NULL, '0', 'string', 'RPT_REVENUE_PERIODS');
REPLACE INTO `sys_rule_fact_field` (`objid`, `parentid`, `name`, `title`, `datatype`, `sortorder`, `handler`, `lookuphandler`, `lookupkey`, `lookupvalue`, `lookupdatatype`, `multivalued`, `required`, `vardatatype`, `lovname`) VALUES ('rptis.landtax.facts.RPTLedgerTaxSummaryFact.revtype', 'rptis.landtax.facts.RPTLedgerTaxSummaryFact', 'revtype', 'Revenue Type', 'string', '4', 'lov', NULL, NULL, NULL, NULL, NULL, NULL, 'string', 'RPT_BILLING_REVENUE_TYPES');
REPLACE INTO `sys_rule_fact_field` (`objid`, `parentid`, `name`, `title`, `datatype`, `sortorder`, `handler`, `lookuphandler`, `lookupkey`, `lookupvalue`, `lookupdatatype`, `multivalued`, `required`, `vardatatype`, `lovname`) VALUES ('rptis.landtax.facts.RPTLedgerTaxSummaryFact.rptledger', 'rptis.landtax.facts.RPTLedgerTaxSummaryFact', 'rptledger', 'RPT Ledger', 'string', '3', 'var', '', '', '', '', NULL, NULL, 'rptis.landtax.facts.RPTLedgerFact', '');
REPLACE INTO `sys_rule_fact_field` (`objid`, `parentid`, `name`, `title`, `datatype`, `sortorder`, `handler`, `lookuphandler`, `lookupkey`, `lookupvalue`, `lookupdatatype`, `multivalued`, `required`, `vardatatype`, `lovname`) VALUES ('rptis.landtax.facts.RPTLedgerTaxSummaryFact.sef', 'rptis.landtax.facts.RPTLedgerTaxSummaryFact', 'sef', 'SEF', 'decimal', '7', 'decimal', '', '', '', '', NULL, '0', 'decimal', '');
REPLACE INTO `sys_rule_fact_field` (`objid`, `parentid`, `name`, `title`, `datatype`, `sortorder`, `handler`, `lookuphandler`, `lookupkey`, `lookupvalue`, `lookupdatatype`, `multivalued`, `required`, `vardatatype`, `lovname`) VALUES ('rptis.landtax.facts.RPTLedgerTaxSummaryFact.sefdisc', 'rptis.landtax.facts.RPTLedgerTaxSummaryFact', 'sefdisc', 'SEF Discount', 'decimal', '8', 'decimal', '', '', '', '', NULL, '0', 'decimal', '');
REPLACE INTO `sys_rule_fact_field` (`objid`, `parentid`, `name`, `title`, `datatype`, `sortorder`, `handler`, `lookuphandler`, `lookupkey`, `lookupvalue`, `lookupdatatype`, `multivalued`, `required`, `vardatatype`, `lovname`) VALUES ('rptis.landtax.facts.RPTLedgerTaxSummaryFact.sefint', 'rptis.landtax.facts.RPTLedgerTaxSummaryFact', 'sefint', 'SEF Interest', 'decimal', '9', 'decimal', '', '', '', '', NULL, '0', 'decimal', '');
REPLACE INTO `sys_rule_fact_field` (`objid`, `parentid`, `name`, `title`, `datatype`, `sortorder`, `handler`, `lookuphandler`, `lookupkey`, `lookupvalue`, `lookupdatatype`, `multivalued`, `required`, `vardatatype`, `lovname`) VALUES ('rptis.landtax.facts.RPTLedgerTaxSummaryFact.sh', 'rptis.landtax.facts.RPTLedgerTaxSummaryFact', 'sh', 'Socialized Housing Tax', 'decimal', '11', 'decimal', NULL, NULL, NULL, NULL, NULL, NULL, 'decimal', NULL);
REPLACE INTO `sys_rule_fact_field` (`objid`, `parentid`, `name`, `title`, `datatype`, `sortorder`, `handler`, `lookuphandler`, `lookupkey`, `lookupvalue`, `lookupdatatype`, `multivalued`, `required`, `vardatatype`, `lovname`) VALUES ('rptis.landtax.facts.RPTLedgerTaxSummaryFact.shdisc', 'rptis.landtax.facts.RPTLedgerTaxSummaryFact', 'shdisc', 'Socialized Housing Discount', 'decimal', '13', 'decimal', NULL, NULL, NULL, NULL, NULL, NULL, 'decimal', NULL);
REPLACE INTO `sys_rule_fact_field` (`objid`, `parentid`, `name`, `title`, `datatype`, `sortorder`, `handler`, `lookuphandler`, `lookupkey`, `lookupvalue`, `lookupdatatype`, `multivalued`, `required`, `vardatatype`, `lovname`) VALUES ('rptis.landtax.facts.RPTLedgerTaxSummaryFact.shint', 'rptis.landtax.facts.RPTLedgerTaxSummaryFact', 'shint', 'Socialized Housing Interest', 'decimal', '12', 'decimal', NULL, NULL, NULL, NULL, NULL, NULL, 'decimal', NULL);
REPLACE INTO `sys_rule_fact_field` (`objid`, `parentid`, `name`, `title`, `datatype`, `sortorder`, `handler`, `lookuphandler`, `lookupkey`, `lookupvalue`, `lookupdatatype`, `multivalued`, `required`, `vardatatype`, `lovname`) VALUES ('rptis.landtax.facts.ShareFact.amount', 'rptis.landtax.facts.ShareFact', 'amount', 'Amount', 'decimal', '6', 'decimal', NULL, NULL, NULL, NULL, NULL, NULL, 'decimal', NULL);
REPLACE INTO `sys_rule_fact_field` (`objid`, `parentid`, `name`, `title`, `datatype`, `sortorder`, `handler`, `lookuphandler`, `lookupkey`, `lookupvalue`, `lookupdatatype`, `multivalued`, `required`, `vardatatype`, `lovname`) VALUES ('rptis.landtax.facts.ShareFact.barangay', 'rptis.landtax.facts.ShareFact', 'barangay', 'Barangay', 'string', '7', 'lookup', 'barangay:lookup', 'objid', 'name', '', NULL, NULL, 'string', '');
REPLACE INTO `sys_rule_fact_field` (`objid`, `parentid`, `name`, `title`, `datatype`, `sortorder`, `handler`, `lookuphandler`, `lookupkey`, `lookupvalue`, `lookupdatatype`, `multivalued`, `required`, `vardatatype`, `lovname`) VALUES ('rptis.landtax.facts.ShareFact.basic', 'rptis.landtax.facts.ShareFact', 'basic', 'Basic', 'decimal', '6', 'decimal', '', '', '', '', NULL, '0', 'decimal', '');
REPLACE INTO `sys_rule_fact_field` (`objid`, `parentid`, `name`, `title`, `datatype`, `sortorder`, `handler`, `lookuphandler`, `lookupkey`, `lookupvalue`, `lookupdatatype`, `multivalued`, `required`, `vardatatype`, `lovname`) VALUES ('rptis.landtax.facts.ShareFact.basicdisc', 'rptis.landtax.facts.ShareFact', 'basicdisc', 'Basic Discount', 'decimal', '7', 'decimal', '', '', '', '', NULL, '0', 'decimal', '');
REPLACE INTO `sys_rule_fact_field` (`objid`, `parentid`, `name`, `title`, `datatype`, `sortorder`, `handler`, `lookuphandler`, `lookupkey`, `lookupvalue`, `lookupdatatype`, `multivalued`, `required`, `vardatatype`, `lovname`) VALUES ('rptis.landtax.facts.ShareFact.basicint', 'rptis.landtax.facts.ShareFact', 'basicint', 'Basic Interest', 'decimal', '8', 'decimal', '', '', '', '', NULL, '0', 'decimal', '');
REPLACE INTO `sys_rule_fact_field` (`objid`, `parentid`, `name`, `title`, `datatype`, `sortorder`, `handler`, `lookuphandler`, `lookupkey`, `lookupvalue`, `lookupdatatype`, `multivalued`, `required`, `vardatatype`, `lovname`) VALUES ('rptis.landtax.facts.ShareFact.discount', 'rptis.landtax.facts.ShareFact', 'discount', 'Discount', 'decimal', '8', 'decimal', NULL, NULL, NULL, NULL, NULL, NULL, 'decimal', NULL);
REPLACE INTO `sys_rule_fact_field` (`objid`, `parentid`, `name`, `title`, `datatype`, `sortorder`, `handler`, `lookuphandler`, `lookupkey`, `lookupvalue`, `lookupdatatype`, `multivalued`, `required`, `vardatatype`, `lovname`) VALUES ('rptis.landtax.facts.ShareFact.lguid', 'rptis.landtax.facts.ShareFact', 'lguid', 'LGU', 'string', '5', 'lookup', 'municipality:lookup', 'objid', 'name', NULL, NULL, NULL, 'string', NULL);
REPLACE INTO `sys_rule_fact_field` (`objid`, `parentid`, `name`, `title`, `datatype`, `sortorder`, `handler`, `lookuphandler`, `lookupkey`, `lookupvalue`, `lookupdatatype`, `multivalued`, `required`, `vardatatype`, `lovname`) VALUES ('rptis.landtax.facts.ShareFact.lgutype', 'rptis.landtax.facts.ShareFact', 'lgutype', 'LGU Type', 'string', '1', 'lov', '', '', '', '', NULL, '1', 'string', 'RPT_BILLING_LGU_TYPES');
REPLACE INTO `sys_rule_fact_field` (`objid`, `parentid`, `name`, `title`, `datatype`, `sortorder`, `handler`, `lookuphandler`, `lookupkey`, `lookupvalue`, `lookupdatatype`, `multivalued`, `required`, `vardatatype`, `lovname`) VALUES ('rptis.landtax.facts.ShareFact.revperiod', 'rptis.landtax.facts.ShareFact', 'revperiod', 'Revenue Period', 'string', '4', 'lov', '', '', '', '', NULL, '1', 'string', 'RPT_REVENUE_PERIODS');
REPLACE INTO `sys_rule_fact_field` (`objid`, `parentid`, `name`, `title`, `datatype`, `sortorder`, `handler`, `lookuphandler`, `lookupkey`, `lookupvalue`, `lookupdatatype`, `multivalued`, `required`, `vardatatype`, `lovname`) VALUES ('rptis.landtax.facts.ShareFact.revtype', 'rptis.landtax.facts.ShareFact', 'revtype', 'Revenue Type', 'string', '3', 'lov', NULL, NULL, NULL, NULL, NULL, '1', 'string', 'RPT_BILLING_REVENUE_TYPES');
REPLACE INTO `sys_rule_fact_field` (`objid`, `parentid`, `name`, `title`, `datatype`, `sortorder`, `handler`, `lookuphandler`, `lookupkey`, `lookupvalue`, `lookupdatatype`, `multivalued`, `required`, `vardatatype`, `lovname`) VALUES ('rptis.landtax.facts.ShareFact.sef', 'rptis.landtax.facts.ShareFact', 'sef', 'SEF', 'decimal', '9', 'decimal', '', '', '', '', NULL, '0', 'decimal', '');
REPLACE INTO `sys_rule_fact_field` (`objid`, `parentid`, `name`, `title`, `datatype`, `sortorder`, `handler`, `lookuphandler`, `lookupkey`, `lookupvalue`, `lookupdatatype`, `multivalued`, `required`, `vardatatype`, `lovname`) VALUES ('rptis.landtax.facts.ShareFact.sefdisc', 'rptis.landtax.facts.ShareFact', 'sefdisc', 'SEF Discount', 'decimal', '10', 'decimal', '', '', '', '', NULL, '0', 'decimal', '');
REPLACE INTO `sys_rule_fact_field` (`objid`, `parentid`, `name`, `title`, `datatype`, `sortorder`, `handler`, `lookuphandler`, `lookupkey`, `lookupvalue`, `lookupdatatype`, `multivalued`, `required`, `vardatatype`, `lovname`) VALUES ('rptis.landtax.facts.ShareFact.sefint', 'rptis.landtax.facts.ShareFact', 'sefint', 'SEF Interest', 'decimal', '11', 'decimal', '', '', '', '', NULL, '0', 'decimal', '');
REPLACE INTO `sys_rule_fact_field` (`objid`, `parentid`, `name`, `title`, `datatype`, `sortorder`, `handler`, `lookuphandler`, `lookupkey`, `lookupvalue`, `lookupdatatype`, `multivalued`, `required`, `vardatatype`, `lovname`) VALUES ('rptis.landtax.facts.ShareFact.sh', 'rptis.landtax.facts.ShareFact', 'sh', 'Socialized Housing Tax', 'decimal', '12', 'decimal', NULL, NULL, NULL, NULL, NULL, NULL, 'decimal', NULL);
REPLACE INTO `sys_rule_fact_field` (`objid`, `parentid`, `name`, `title`, `datatype`, `sortorder`, `handler`, `lookuphandler`, `lookupkey`, `lookupvalue`, `lookupdatatype`, `multivalued`, `required`, `vardatatype`, `lovname`) VALUES ('rptis.landtax.facts.ShareFact.sharetype', 'rptis.landtax.facts.ShareFact', 'sharetype', 'Share Type', 'string', '2', 'lov', '', '', '', '', NULL, '1', 'string', 'RPT_BILLING_SHARE_TYPES');
REPLACE INTO `sys_rule_fact_field` (`objid`, `parentid`, `name`, `title`, `datatype`, `sortorder`, `handler`, `lookuphandler`, `lookupkey`, `lookupvalue`, `lookupdatatype`, `multivalued`, `required`, `vardatatype`, `lovname`) VALUES ('rptis.landtax.facts.ShareFact.shdisc', 'rptis.landtax.facts.ShareFact', 'shdisc', 'Socialized Housing Discount', 'decimal', '14', 'decimal', NULL, NULL, NULL, NULL, NULL, NULL, 'decimal', NULL);
REPLACE INTO `sys_rule_fact_field` (`objid`, `parentid`, `name`, `title`, `datatype`, `sortorder`, `handler`, `lookuphandler`, `lookupkey`, `lookupvalue`, `lookupdatatype`, `multivalued`, `required`, `vardatatype`, `lovname`) VALUES ('rptis.landtax.facts.ShareFact.shint', 'rptis.landtax.facts.ShareFact', 'shint', 'Socialized Housing Interest', 'decimal', '13', 'decimal', NULL, NULL, NULL, NULL, NULL, NULL, 'decimal', NULL);

REPLACE INTO `sys_rule_condition` (`objid`, `parentid`, `fact_name`, `fact_objid`, `varname`, `pos`, `ruletext`, `displaytext`, `dynamic_datatype`, `dynamic_key`, `dynamic_value`, `notexist`) VALUES ('RC-17442746:16be936f033:-7e86', 'RUL483027b0:16be9375c61:-77e6', 'rptis.landtax.facts.RPTLedgerItemFact', 'rptis.landtax.facts.RPTLedgerItemFact', 'RLI', '0', NULL, NULL, NULL, NULL, NULL, '0');
REPLACE INTO `sys_rule_condition` (`objid`, `parentid`, `fact_name`, `fact_objid`, `varname`, `pos`, `ruletext`, `displaytext`, `dynamic_datatype`, `dynamic_key`, `dynamic_value`, `notexist`) VALUES ('RC-43a97d40:17b4cb60c0d:-7ec3', 'RUL2372be5b:17b4cb61bed:-418b', 'rptis.landtax.facts.RPTLedgerItemFact', 'rptis.landtax.facts.RPTLedgerItemFact', 'RLI', '1', NULL, NULL, NULL, NULL, NULL, '0');
REPLACE INTO `sys_rule_condition` (`objid`, `parentid`, `fact_name`, `fact_objid`, `varname`, `pos`, `ruletext`, `displaytext`, `dynamic_datatype`, `dynamic_key`, `dynamic_value`, `notexist`) VALUES ('RC-43a97d40:17b4cb60c0d:-7fbb', 'RUL2372be5b:17b4cb61bed:-79ec', 'CurrentDate', 'CurrentDate', NULL, '0', NULL, NULL, NULL, NULL, NULL, '0');
REPLACE INTO `sys_rule_condition` (`objid`, `parentid`, `fact_name`, `fact_objid`, `varname`, `pos`, `ruletext`, `displaytext`, `dynamic_datatype`, `dynamic_key`, `dynamic_value`, `notexist`) VALUES ('RC-43a97d40:17b4cb60c0d:-7fbf', 'RUL2372be5b:17b4cb61bed:-79ec', 'rptis.landtax.facts.RPTLedgerItemFact', 'rptis.landtax.facts.RPTLedgerItemFact', 'RLI', '1', NULL, NULL, NULL, NULL, NULL, '0');
REPLACE INTO `sys_rule_condition` (`objid`, `parentid`, `fact_name`, `fact_objid`, `varname`, `pos`, `ruletext`, `displaytext`, `dynamic_datatype`, `dynamic_key`, `dynamic_value`, `notexist`) VALUES ('RC-43a97d40:17b4cb60c0d:-7fd6', 'RUL2372be5b:17b4cb61bed:-7cda', 'rptis.landtax.facts.RPTLedgerItemFact', 'rptis.landtax.facts.RPTLedgerItemFact', 'RLI', '1', NULL, NULL, NULL, NULL, NULL, '0');
REPLACE INTO `sys_rule_condition` (`objid`, `parentid`, `fact_name`, `fact_objid`, `varname`, `pos`, `ruletext`, `displaytext`, `dynamic_datatype`, `dynamic_key`, `dynamic_value`, `notexist`) VALUES ('RC1e977bb4:184b24871c8:-7872', 'RUL3073752b:184b21f9c7c:-5a93', 'CurrentDate', 'CurrentDate', NULL, '0', NULL, NULL, NULL, NULL, NULL, '0');
REPLACE INTO `sys_rule_condition` (`objid`, `parentid`, `fact_name`, `fact_objid`, `varname`, `pos`, `ruletext`, `displaytext`, `dynamic_datatype`, `dynamic_key`, `dynamic_value`, `notexist`) VALUES ('RC1e977bb4:184b24871c8:-7876', 'RUL3073752b:184b21f9c7c:-5a93', 'rptis.landtax.facts.RPTLedgerItemFact', 'rptis.landtax.facts.RPTLedgerItemFact', 'RLI', '1', NULL, NULL, NULL, NULL, NULL, '0');
REPLACE INTO `sys_rule_condition` (`objid`, `parentid`, `fact_name`, `fact_objid`, `varname`, `pos`, `ruletext`, `displaytext`, `dynamic_datatype`, `dynamic_key`, `dynamic_value`, `notexist`) VALUES ('RC1e977bb4:184b24871c8:-789f', 'RUL3073752b:184b21f9c7c:-5b90', 'CurrentDate', 'CurrentDate', NULL, '0', NULL, NULL, NULL, NULL, NULL, '0');
REPLACE INTO `sys_rule_condition` (`objid`, `parentid`, `fact_name`, `fact_objid`, `varname`, `pos`, `ruletext`, `displaytext`, `dynamic_datatype`, `dynamic_key`, `dynamic_value`, `notexist`) VALUES ('RC1e977bb4:184b24871c8:-78a3', 'RUL3073752b:184b21f9c7c:-5b90', 'rptis.landtax.facts.RPTLedgerItemFact', 'rptis.landtax.facts.RPTLedgerItemFact', 'RLI', '1', NULL, NULL, NULL, NULL, NULL, '0');
REPLACE INTO `sys_rule_condition` (`objid`, `parentid`, `fact_name`, `fact_objid`, `varname`, `pos`, `ruletext`, `displaytext`, `dynamic_datatype`, `dynamic_key`, `dynamic_value`, `notexist`) VALUES ('RC1e977bb4:184b24871c8:-795b', 'RUL3073752b:184b21f9c7c:-642c', 'rptis.landtax.facts.RPTLedgerItemFact', 'rptis.landtax.facts.RPTLedgerItemFact', 'RLI', '0', NULL, NULL, NULL, NULL, NULL, '0');
REPLACE INTO `sys_rule_condition` (`objid`, `parentid`, `fact_name`, `fact_objid`, `varname`, `pos`, `ruletext`, `displaytext`, `dynamic_datatype`, `dynamic_key`, `dynamic_value`, `notexist`) VALUES ('RC1e977bb4:184b24871c8:-7979', 'RUL3073752b:184b21f9c7c:-650c', 'rptis.landtax.facts.RPTLedgerItemFact', 'rptis.landtax.facts.RPTLedgerItemFact', 'RLI', '1', NULL, NULL, NULL, NULL, NULL, '0');
REPLACE INTO `sys_rule_condition` (`objid`, `parentid`, `fact_name`, `fact_objid`, `varname`, `pos`, `ruletext`, `displaytext`, `dynamic_datatype`, `dynamic_key`, `dynamic_value`, `notexist`) VALUES ('RC1e977bb4:184b24871c8:-79ac', 'RUL3073752b:184b21f9c7c:-67cb', 'rptis.landtax.facts.RPTLedgerItemFact', 'rptis.landtax.facts.RPTLedgerItemFact', 'RLI', '1', NULL, NULL, NULL, NULL, NULL, '0');
REPLACE INTO `sys_rule_condition` (`objid`, `parentid`, `fact_name`, `fact_objid`, `varname`, `pos`, `ruletext`, `displaytext`, `dynamic_datatype`, `dynamic_key`, `dynamic_value`, `notexist`) VALUES ('RC1e977bb4:184b24871c8:-7a68', 'RUL3073752b:184b21f9c7c:-76c0', 'rptis.landtax.facts.RPTLedgerItemFact', 'rptis.landtax.facts.RPTLedgerItemFact', 'RLI', '0', NULL, NULL, NULL, NULL, NULL, '0');
REPLACE INTO `sys_rule_condition` (`objid`, `parentid`, `fact_name`, `fact_objid`, `varname`, `pos`, `ruletext`, `displaytext`, `dynamic_datatype`, `dynamic_key`, `dynamic_value`, `notexist`) VALUES ('RC1e977bb4:184b24871c8:-7a6a', 'RUL3073752b:184b21f9c7c:-76c0', 'rptis.landtax.facts.RPTLedgerFact', 'rptis.landtax.facts.RPTLedgerFact', 'RL', '1', NULL, NULL, NULL, NULL, NULL, '0');
REPLACE INTO `sys_rule_condition` (`objid`, `parentid`, `fact_name`, `fact_objid`, `varname`, `pos`, `ruletext`, `displaytext`, `dynamic_datatype`, `dynamic_key`, `dynamic_value`, `notexist`) VALUES ('RC440e47f4:166ae4152f1:-7fbe', 'RUL1262ad19:166ae41b1fb:-7c88', 'CurrentDate', 'CurrentDate', NULL, '0', NULL, NULL, NULL, NULL, NULL, '0');
REPLACE INTO `sys_rule_condition` (`objid`, `parentid`, `fact_name`, `fact_objid`, `varname`, `pos`, `ruletext`, `displaytext`, `dynamic_datatype`, `dynamic_key`, `dynamic_value`, `notexist`) VALUES ('RC440e47f4:166ae4152f1:-7fc0', 'RUL1262ad19:166ae41b1fb:-7c88', 'rptis.landtax.facts.RPTLedgerItemFact', 'rptis.landtax.facts.RPTLedgerItemFact', 'RLI', '1', NULL, NULL, NULL, NULL, NULL, '0');
REPLACE INTO `sys_rule_condition` (`objid`, `parentid`, `fact_name`, `fact_objid`, `varname`, `pos`, `ruletext`, `displaytext`, `dynamic_datatype`, `dynamic_key`, `dynamic_value`, `notexist`) VALUES ('RC70978a15:166ae6875d1:-7f22', 'RUL7e02b404:166ae687f42:-5511', 'rptis.landtax.facts.RPTLedgerItemFact', 'rptis.landtax.facts.RPTLedgerItemFact', 'RLI', '1', NULL, NULL, NULL, NULL, NULL, '0');
REPLACE INTO `sys_rule_condition` (`objid`, `parentid`, `fact_name`, `fact_objid`, `varname`, `pos`, `ruletext`, `displaytext`, `dynamic_datatype`, `dynamic_key`, `dynamic_value`, `notexist`) VALUES ('RC70978a15:166ae6875d1:-7f24', 'RUL7e02b404:166ae687f42:-5511', 'CurrentDate', 'CurrentDate', NULL, '0', NULL, NULL, NULL, NULL, NULL, '0');
REPLACE INTO `sys_rule_condition` (`objid`, `parentid`, `fact_name`, `fact_objid`, `varname`, `pos`, `ruletext`, `displaytext`, `dynamic_datatype`, `dynamic_key`, `dynamic_value`, `notexist`) VALUES ('RC7280357:166235c1be7:-7fad', 'RULec9d7ab:166235c2e16:-26bf', 'CurrentDate', 'CurrentDate', NULL, '0', NULL, NULL, NULL, NULL, NULL, '0');
REPLACE INTO `sys_rule_condition` (`objid`, `parentid`, `fact_name`, `fact_objid`, `varname`, `pos`, `ruletext`, `displaytext`, `dynamic_datatype`, `dynamic_key`, `dynamic_value`, `notexist`) VALUES ('RC7280357:166235c1be7:-7faf', 'RULec9d7ab:166235c2e16:-26bf', 'rptis.landtax.facts.RPTLedgerItemFact', 'rptis.landtax.facts.RPTLedgerItemFact', 'RLI', '1', NULL, NULL, NULL, NULL, NULL, '0');
REPLACE INTO `sys_rule_condition` (`objid`, `parentid`, `fact_name`, `fact_objid`, `varname`, `pos`, `ruletext`, `displaytext`, `dynamic_datatype`, `dynamic_key`, `dynamic_value`, `notexist`) VALUES ('RC7280357:166235c1be7:-7fb4', 'RULec9d7ab:166235c2e16:-26d0', 'CurrentDate', 'CurrentDate', NULL, '0', NULL, NULL, NULL, NULL, NULL, '0');
REPLACE INTO `sys_rule_condition` (`objid`, `parentid`, `fact_name`, `fact_objid`, `varname`, `pos`, `ruletext`, `displaytext`, `dynamic_datatype`, `dynamic_key`, `dynamic_value`, `notexist`) VALUES ('RC7280357:166235c1be7:-7fb6', 'RULec9d7ab:166235c2e16:-26d0', 'rptis.landtax.facts.RPTLedgerItemFact', 'rptis.landtax.facts.RPTLedgerItemFact', 'RLI', '1', NULL, NULL, NULL, NULL, NULL, '0');
REPLACE INTO `sys_rule_condition` (`objid`, `parentid`, `fact_name`, `fact_objid`, `varname`, `pos`, `ruletext`, `displaytext`, `dynamic_datatype`, `dynamic_key`, `dynamic_value`, `notexist`) VALUES ('RC7280357:166235c1be7:-7fbb', 'RULec9d7ab:166235c2e16:-319f', 'CurrentDate', 'CurrentDate', NULL, '0', NULL, NULL, NULL, NULL, NULL, '0');
REPLACE INTO `sys_rule_condition` (`objid`, `parentid`, `fact_name`, `fact_objid`, `varname`, `pos`, `ruletext`, `displaytext`, `dynamic_datatype`, `dynamic_key`, `dynamic_value`, `notexist`) VALUES ('RC7280357:166235c1be7:-7fbd', 'RULec9d7ab:166235c2e16:-319f', 'rptis.landtax.facts.RPTLedgerFact', 'rptis.landtax.facts.RPTLedgerFact', 'RL', '1', NULL, NULL, NULL, NULL, NULL, '0');
REPLACE INTO `sys_rule_condition` (`objid`, `parentid`, `fact_name`, `fact_objid`, `varname`, `pos`, `ruletext`, `displaytext`, `dynamic_datatype`, `dynamic_key`, `dynamic_value`, `notexist`) VALUES ('RC7280357:166235c1be7:-7fc0', 'RULec9d7ab:166235c2e16:-319f', 'rptis.landtax.facts.Bill', 'rptis.landtax.facts.Bill', 'BILL', '2', NULL, NULL, NULL, NULL, NULL, '0');
REPLACE INTO `sys_rule_condition` (`objid`, `parentid`, `fact_name`, `fact_objid`, `varname`, `pos`, `ruletext`, `displaytext`, `dynamic_datatype`, `dynamic_key`, `dynamic_value`, `notexist`) VALUES ('RC7280357:166235c1be7:-7fc7', 'RULec9d7ab:166235c2e16:-3811', 'rptis.landtax.facts.RPTLedgerItemFact', 'rptis.landtax.facts.RPTLedgerItemFact', 'RLI', '1', NULL, NULL, NULL, NULL, NULL, '0');
REPLACE INTO `sys_rule_condition` (`objid`, `parentid`, `fact_name`, `fact_objid`, `varname`, `pos`, `ruletext`, `displaytext`, `dynamic_datatype`, `dynamic_key`, `dynamic_value`, `notexist`) VALUES ('RCOND-1a2d6e9b:1692d429304:-7748', 'RUL-1a2d6e9b:1692d429304:-7779', 'rptis.landtax.facts.AssessedValue', 'rptis.landtax.facts.AssessedValue', 'AVINFO', '0', NULL, NULL, NULL, NULL, NULL, '0');
REPLACE INTO `sys_rule_condition` (`objid`, `parentid`, `fact_name`, `fact_objid`, `varname`, `pos`, `ruletext`, `displaytext`, `dynamic_datatype`, `dynamic_key`, `dynamic_value`, `notexist`) VALUES ('RCOND-2ede6703:16642adb9ce:-7a39', 'RUL-2ede6703:16642adb9ce:-7ba0', 'rptis.landtax.facts.Bill', 'rptis.landtax.facts.Bill', 'BILL', '0', NULL, NULL, NULL, NULL, NULL, '0');
REPLACE INTO `sys_rule_condition` (`objid`, `parentid`, `fact_name`, `fact_objid`, `varname`, `pos`, `ruletext`, `displaytext`, `dynamic_datatype`, `dynamic_key`, `dynamic_value`, `notexist`) VALUES ('RCOND3073752b:184b21f9c7c:-5e81', 'RUL3073752b:184b21f9c7c:-60db', 'rptis.landtax.facts.RPTLedgerItemFact', 'rptis.landtax.facts.RPTLedgerItemFact', 'RLI', '1', NULL, NULL, NULL, NULL, NULL, '0');
REPLACE INTO `sys_rule_condition` (`objid`, `parentid`, `fact_name`, `fact_objid`, `varname`, `pos`, `ruletext`, `displaytext`, `dynamic_datatype`, `dynamic_key`, `dynamic_value`, `notexist`) VALUES ('RCOND3073752b:184b21f9c7c:-5f2a', 'RUL3073752b:184b21f9c7c:-60db', 'rptis.landtax.facts.RPTLedgerFact', 'rptis.landtax.facts.RPTLedgerFact', 'RL', '0', NULL, NULL, NULL, NULL, NULL, '0');
REPLACE INTO `sys_rule_condition` (`objid`, `parentid`, `fact_name`, `fact_objid`, `varname`, `pos`, `ruletext`, `displaytext`, `dynamic_datatype`, `dynamic_key`, `dynamic_value`, `notexist`) VALUES ('RCOND3073752b:184b21f9c7c:-6290', 'RUL3073752b:184b21f9c7c:-62ee', 'rptis.landtax.facts.RPTLedgerItemFact', 'rptis.landtax.facts.RPTLedgerItemFact', 'RLI', '0', NULL, NULL, NULL, NULL, NULL, '0');
REPLACE INTO `sys_rule_condition` (`objid`, `parentid`, `fact_name`, `fact_objid`, `varname`, `pos`, `ruletext`, `displaytext`, `dynamic_datatype`, `dynamic_key`, `dynamic_value`, `notexist`) VALUES ('RCOND3073752b:184b21f9c7c:-63c3', 'RUL3073752b:184b21f9c7c:-642c', 'rptis.landtax.facts.RPTLedgerFact', 'rptis.landtax.facts.RPTLedgerFact', 'RL', '1', NULL, NULL, NULL, NULL, NULL, '0');
REPLACE INTO `sys_rule_condition` (`objid`, `parentid`, `fact_name`, `fact_objid`, `varname`, `pos`, `ruletext`, `displaytext`, `dynamic_datatype`, `dynamic_key`, `dynamic_value`, `notexist`) VALUES ('RCOND7c9b26f3:17c2a7f2220:-7239', 'RUL7c9b26f3:17c2a7f2220:-737c', 'rptis.landtax.facts.RPTLedgerItemFact', 'rptis.landtax.facts.RPTLedgerItemFact', 'RLI', '1', NULL, NULL, NULL, NULL, NULL, '0');
REPLACE INTO `sys_rule_condition` (`objid`, `parentid`, `fact_name`, `fact_objid`, `varname`, `pos`, `ruletext`, `displaytext`, `dynamic_datatype`, `dynamic_key`, `dynamic_value`, `notexist`) VALUES ('RCOND7c9b26f3:17c2a7f2220:-7330', 'RUL7c9b26f3:17c2a7f2220:-737c', 'CurrentDate', 'CurrentDate', NULL, '0', NULL, NULL, NULL, NULL, NULL, '0');
REPLACE INTO `sys_rule_condition` (`objid`, `parentid`, `fact_name`, `fact_objid`, `varname`, `pos`, `ruletext`, `displaytext`, `dynamic_datatype`, `dynamic_key`, `dynamic_value`, `notexist`) VALUES ('RCONDec9d7ab:166235c2e16:-24fc', 'RULec9d7ab:166235c2e16:-255e', 'rptis.landtax.facts.RPTLedgerTaxSummaryFact', 'rptis.landtax.facts.RPTLedgerTaxSummaryFact', 'RLTS', '0', NULL, NULL, NULL, NULL, NULL, '0');
REPLACE INTO `sys_rule_condition` (`objid`, `parentid`, `fact_name`, `fact_objid`, `varname`, `pos`, `ruletext`, `displaytext`, `dynamic_datatype`, `dynamic_key`, `dynamic_value`, `notexist`) VALUES ('RCONDec9d7ab:166235c2e16:-2ec7', 'RULec9d7ab:166235c2e16:-2f1f', 'rptis.landtax.facts.Bill', 'rptis.landtax.facts.Bill', 'BILL', '0', NULL, NULL, NULL, NULL, NULL, '0');

REPLACE INTO `sys_rule_condition_var` (`objid`, `parentid`, `ruleid`, `varname`, `datatype`, `pos`) VALUES ('RC-17442746:16be936f033:-7e86', 'RC-17442746:16be936f033:-7e86', 'RUL483027b0:16be9375c61:-77e6', 'RLI', 'rptis.landtax.facts.RPTLedgerItemFact', '0');
REPLACE INTO `sys_rule_condition_var` (`objid`, `parentid`, `ruleid`, `varname`, `datatype`, `pos`) VALUES ('RC-43a97d40:17b4cb60c0d:-7ec3', 'RC-43a97d40:17b4cb60c0d:-7ec3', 'RUL2372be5b:17b4cb61bed:-418b', 'RLI', 'rptis.landtax.facts.RPTLedgerItemFact', '1');
REPLACE INTO `sys_rule_condition_var` (`objid`, `parentid`, `ruleid`, `varname`, `datatype`, `pos`) VALUES ('RC-43a97d40:17b4cb60c0d:-7fbf', 'RC-43a97d40:17b4cb60c0d:-7fbf', 'RUL2372be5b:17b4cb61bed:-79ec', 'RLI', 'rptis.landtax.facts.RPTLedgerItemFact', '1');
REPLACE INTO `sys_rule_condition_var` (`objid`, `parentid`, `ruleid`, `varname`, `datatype`, `pos`) VALUES ('RC-43a97d40:17b4cb60c0d:-7fd6', 'RC-43a97d40:17b4cb60c0d:-7fd6', 'RUL2372be5b:17b4cb61bed:-7cda', 'RLI', 'rptis.landtax.facts.RPTLedgerItemFact', '1');
REPLACE INTO `sys_rule_condition_var` (`objid`, `parentid`, `ruleid`, `varname`, `datatype`, `pos`) VALUES ('RC1e977bb4:184b24871c8:-7876', 'RC1e977bb4:184b24871c8:-7876', 'RUL3073752b:184b21f9c7c:-5a93', 'RLI', 'rptis.landtax.facts.RPTLedgerItemFact', '1');
REPLACE INTO `sys_rule_condition_var` (`objid`, `parentid`, `ruleid`, `varname`, `datatype`, `pos`) VALUES ('RC1e977bb4:184b24871c8:-78a3', 'RC1e977bb4:184b24871c8:-78a3', 'RUL3073752b:184b21f9c7c:-5b90', 'RLI', 'rptis.landtax.facts.RPTLedgerItemFact', '1');
REPLACE INTO `sys_rule_condition_var` (`objid`, `parentid`, `ruleid`, `varname`, `datatype`, `pos`) VALUES ('RC1e977bb4:184b24871c8:-795b', 'RC1e977bb4:184b24871c8:-795b', 'RUL3073752b:184b21f9c7c:-642c', 'RLI', 'rptis.landtax.facts.RPTLedgerItemFact', '0');
REPLACE INTO `sys_rule_condition_var` (`objid`, `parentid`, `ruleid`, `varname`, `datatype`, `pos`) VALUES ('RC1e977bb4:184b24871c8:-7979', 'RC1e977bb4:184b24871c8:-7979', 'RUL3073752b:184b21f9c7c:-650c', 'RLI', 'rptis.landtax.facts.RPTLedgerItemFact', '1');
REPLACE INTO `sys_rule_condition_var` (`objid`, `parentid`, `ruleid`, `varname`, `datatype`, `pos`) VALUES ('RC1e977bb4:184b24871c8:-79ac', 'RC1e977bb4:184b24871c8:-79ac', 'RUL3073752b:184b21f9c7c:-67cb', 'RLI', 'rptis.landtax.facts.RPTLedgerItemFact', '1');
REPLACE INTO `sys_rule_condition_var` (`objid`, `parentid`, `ruleid`, `varname`, `datatype`, `pos`) VALUES ('RC1e977bb4:184b24871c8:-7a68', 'RC1e977bb4:184b24871c8:-7a68', 'RUL3073752b:184b21f9c7c:-76c0', 'RLI', 'rptis.landtax.facts.RPTLedgerItemFact', '0');
REPLACE INTO `sys_rule_condition_var` (`objid`, `parentid`, `ruleid`, `varname`, `datatype`, `pos`) VALUES ('RC1e977bb4:184b24871c8:-7a6a', 'RC1e977bb4:184b24871c8:-7a6a', 'RUL3073752b:184b21f9c7c:-76c0', 'RL', 'rptis.landtax.facts.RPTLedgerFact', '1');
REPLACE INTO `sys_rule_condition_var` (`objid`, `parentid`, `ruleid`, `varname`, `datatype`, `pos`) VALUES ('RC440e47f4:166ae4152f1:-7fc0', 'RC440e47f4:166ae4152f1:-7fc0', 'RUL1262ad19:166ae41b1fb:-7c88', 'RLI', 'rptis.landtax.facts.RPTLedgerItemFact', '1');
REPLACE INTO `sys_rule_condition_var` (`objid`, `parentid`, `ruleid`, `varname`, `datatype`, `pos`) VALUES ('RC70978a15:166ae6875d1:-7f22', 'RC70978a15:166ae6875d1:-7f22', 'RUL7e02b404:166ae687f42:-5511', 'RLI', 'rptis.landtax.facts.RPTLedgerItemFact', '1');
REPLACE INTO `sys_rule_condition_var` (`objid`, `parentid`, `ruleid`, `varname`, `datatype`, `pos`) VALUES ('RC7280357:166235c1be7:-7faf', 'RC7280357:166235c1be7:-7faf', 'RULec9d7ab:166235c2e16:-26bf', 'RLI', 'rptis.landtax.facts.RPTLedgerItemFact', '1');
REPLACE INTO `sys_rule_condition_var` (`objid`, `parentid`, `ruleid`, `varname`, `datatype`, `pos`) VALUES ('RC7280357:166235c1be7:-7fb6', 'RC7280357:166235c1be7:-7fb6', 'RULec9d7ab:166235c2e16:-26d0', 'RLI', 'rptis.landtax.facts.RPTLedgerItemFact', '1');
REPLACE INTO `sys_rule_condition_var` (`objid`, `parentid`, `ruleid`, `varname`, `datatype`, `pos`) VALUES ('RC7280357:166235c1be7:-7fbd', 'RC7280357:166235c1be7:-7fbd', 'RULec9d7ab:166235c2e16:-319f', 'RL', 'rptis.landtax.facts.RPTLedgerFact', '1');
REPLACE INTO `sys_rule_condition_var` (`objid`, `parentid`, `ruleid`, `varname`, `datatype`, `pos`) VALUES ('RC7280357:166235c1be7:-7fc0', 'RC7280357:166235c1be7:-7fc0', 'RULec9d7ab:166235c2e16:-319f', 'BILL', 'rptis.landtax.facts.Bill', '2');
REPLACE INTO `sys_rule_condition_var` (`objid`, `parentid`, `ruleid`, `varname`, `datatype`, `pos`) VALUES ('RC7280357:166235c1be7:-7fc7', 'RC7280357:166235c1be7:-7fc7', 'RULec9d7ab:166235c2e16:-3811', 'RLI', 'rptis.landtax.facts.RPTLedgerItemFact', '1');
REPLACE INTO `sys_rule_condition_var` (`objid`, `parentid`, `ruleid`, `varname`, `datatype`, `pos`) VALUES ('RCC-17442746:16be936f033:-7e83', 'RC-17442746:16be936f033:-7e86', 'RUL483027b0:16be9375c61:-77e6', 'AV', 'decimal', '0');
REPLACE INTO `sys_rule_condition_var` (`objid`, `parentid`, `ruleid`, `varname`, `datatype`, `pos`) VALUES ('RCC-43a97d40:17b4cb60c0d:-7fba', 'RC-43a97d40:17b4cb60c0d:-7fbb', 'RUL2372be5b:17b4cb61bed:-79ec', 'CY', 'integer', '0');
REPLACE INTO `sys_rule_condition_var` (`objid`, `parentid`, `ruleid`, `varname`, `datatype`, `pos`) VALUES ('RCC-43a97d40:17b4cb60c0d:-7fbd', 'RC-43a97d40:17b4cb60c0d:-7fbf', 'RUL2372be5b:17b4cb61bed:-79ec', 'TAX', 'decimal', '1');
REPLACE INTO `sys_rule_condition_var` (`objid`, `parentid`, `ruleid`, `varname`, `datatype`, `pos`) VALUES ('RCC-43a97d40:17b4cb60c0d:-7fbe', 'RC-43a97d40:17b4cb60c0d:-7fbf', 'RUL2372be5b:17b4cb61bed:-79ec', 'NMON', 'integer', '2');
REPLACE INTO `sys_rule_condition_var` (`objid`, `parentid`, `ruleid`, `varname`, `datatype`, `pos`) VALUES ('RCC-43a97d40:17b4cb60c0d:-7fd4', 'RC-43a97d40:17b4cb60c0d:-7fd6', 'RUL2372be5b:17b4cb61bed:-7cda', 'TAX', 'decimal', '1');
REPLACE INTO `sys_rule_condition_var` (`objid`, `parentid`, `ruleid`, `varname`, `datatype`, `pos`) VALUES ('RCC1e977bb4:184b24871c8:-7870', 'RC1e977bb4:184b24871c8:-7872', 'RUL3073752b:184b21f9c7c:-5a93', 'CY', 'integer', '0');
REPLACE INTO `sys_rule_condition_var` (`objid`, `parentid`, `ruleid`, `varname`, `datatype`, `pos`) VALUES ('RCC1e977bb4:184b24871c8:-7875', 'RC1e977bb4:184b24871c8:-7876', 'RUL3073752b:184b21f9c7c:-5a93', 'TAX', 'decimal', '2');
REPLACE INTO `sys_rule_condition_var` (`objid`, `parentid`, `ruleid`, `varname`, `datatype`, `pos`) VALUES ('RCC1e977bb4:184b24871c8:-789d', 'RC1e977bb4:184b24871c8:-789f', 'RUL3073752b:184b21f9c7c:-5b90', 'CY', 'integer', '0');
REPLACE INTO `sys_rule_condition_var` (`objid`, `parentid`, `ruleid`, `varname`, `datatype`, `pos`) VALUES ('RCC1e977bb4:184b24871c8:-789e', 'RC1e977bb4:184b24871c8:-789f', 'RUL3073752b:184b21f9c7c:-5b90', 'CQTR', 'integer', '1');
REPLACE INTO `sys_rule_condition_var` (`objid`, `parentid`, `ruleid`, `varname`, `datatype`, `pos`) VALUES ('RCC1e977bb4:184b24871c8:-78a2', 'RC1e977bb4:184b24871c8:-78a3', 'RUL3073752b:184b21f9c7c:-5b90', 'TAX', 'decimal', '2');
REPLACE INTO `sys_rule_condition_var` (`objid`, `parentid`, `ruleid`, `varname`, `datatype`, `pos`) VALUES ('RCC1e977bb4:184b24871c8:-7978', 'RC1e977bb4:184b24871c8:-7979', 'RUL3073752b:184b21f9c7c:-650c', 'TAX', 'decimal', '1');
REPLACE INTO `sys_rule_condition_var` (`objid`, `parentid`, `ruleid`, `varname`, `datatype`, `pos`) VALUES ('RCC1e977bb4:184b24871c8:-79ab', 'RC1e977bb4:184b24871c8:-79ac', 'RUL3073752b:184b21f9c7c:-67cb', 'TAX', 'decimal', '1');
REPLACE INTO `sys_rule_condition_var` (`objid`, `parentid`, `ruleid`, `varname`, `datatype`, `pos`) VALUES ('RCC1e977bb4:184b24871c8:-7a67', 'RC1e977bb4:184b24871c8:-7a68', 'RUL3073752b:184b21f9c7c:-76c0', 'AV', 'decimal', '0');
REPLACE INTO `sys_rule_condition_var` (`objid`, `parentid`, `ruleid`, `varname`, `datatype`, `pos`) VALUES ('RCC440e47f4:166ae4152f1:-7fbd', 'RC440e47f4:166ae4152f1:-7fbe', 'RUL1262ad19:166ae41b1fb:-7c88', 'CY', 'integer', '0');
REPLACE INTO `sys_rule_condition_var` (`objid`, `parentid`, `ruleid`, `varname`, `datatype`, `pos`) VALUES ('RCC70978a15:166ae6875d1:-7f23', 'RC70978a15:166ae6875d1:-7f24', 'RUL7e02b404:166ae687f42:-5511', 'CY', 'integer', '0');
REPLACE INTO `sys_rule_condition_var` (`objid`, `parentid`, `ruleid`, `varname`, `datatype`, `pos`) VALUES ('RCC7280357:166235c1be7:-7fac', 'RC7280357:166235c1be7:-7fad', 'RULec9d7ab:166235c2e16:-26bf', 'CY', 'integer', '0');
REPLACE INTO `sys_rule_condition_var` (`objid`, `parentid`, `ruleid`, `varname`, `datatype`, `pos`) VALUES ('RCC7280357:166235c1be7:-7fb3', 'RC7280357:166235c1be7:-7fb4', 'RULec9d7ab:166235c2e16:-26d0', 'CY', 'integer', '0');
REPLACE INTO `sys_rule_condition_var` (`objid`, `parentid`, `ruleid`, `varname`, `datatype`, `pos`) VALUES ('RCC7280357:166235c1be7:-7fba', 'RC7280357:166235c1be7:-7fbb', 'RULec9d7ab:166235c2e16:-319f', 'CY', 'integer', '0');
REPLACE INTO `sys_rule_condition_var` (`objid`, `parentid`, `ruleid`, `varname`, `datatype`, `pos`) VALUES ('RCOND-1a2d6e9b:1692d429304:-7748', 'RCOND-1a2d6e9b:1692d429304:-7748', 'RUL-1a2d6e9b:1692d429304:-7779', 'AVINFO', 'rptis.landtax.facts.AssessedValue', '0');
REPLACE INTO `sys_rule_condition_var` (`objid`, `parentid`, `ruleid`, `varname`, `datatype`, `pos`) VALUES ('RCOND-2ede6703:16642adb9ce:-7a39', 'RCOND-2ede6703:16642adb9ce:-7a39', 'RUL-2ede6703:16642adb9ce:-7ba0', 'BILL', 'rptis.landtax.facts.Bill', '0');
REPLACE INTO `sys_rule_condition_var` (`objid`, `parentid`, `ruleid`, `varname`, `datatype`, `pos`) VALUES ('RCOND3073752b:184b21f9c7c:-5e81', 'RCOND3073752b:184b21f9c7c:-5e81', 'RUL3073752b:184b21f9c7c:-60db', 'RLI', 'rptis.landtax.facts.RPTLedgerItemFact', '1');
REPLACE INTO `sys_rule_condition_var` (`objid`, `parentid`, `ruleid`, `varname`, `datatype`, `pos`) VALUES ('RCOND3073752b:184b21f9c7c:-5f2a', 'RCOND3073752b:184b21f9c7c:-5f2a', 'RUL3073752b:184b21f9c7c:-60db', 'RL', 'rptis.landtax.facts.RPTLedgerFact', '0');
REPLACE INTO `sys_rule_condition_var` (`objid`, `parentid`, `ruleid`, `varname`, `datatype`, `pos`) VALUES ('RCOND3073752b:184b21f9c7c:-6290', 'RCOND3073752b:184b21f9c7c:-6290', 'RUL3073752b:184b21f9c7c:-62ee', 'RLI', 'rptis.landtax.facts.RPTLedgerItemFact', '0');
REPLACE INTO `sys_rule_condition_var` (`objid`, `parentid`, `ruleid`, `varname`, `datatype`, `pos`) VALUES ('RCOND3073752b:184b21f9c7c:-63c3', 'RCOND3073752b:184b21f9c7c:-63c3', 'RUL3073752b:184b21f9c7c:-642c', 'RL', 'rptis.landtax.facts.RPTLedgerFact', '1');
REPLACE INTO `sys_rule_condition_var` (`objid`, `parentid`, `ruleid`, `varname`, `datatype`, `pos`) VALUES ('RCOND7c9b26f3:17c2a7f2220:-7239', 'RCOND7c9b26f3:17c2a7f2220:-7239', 'RUL7c9b26f3:17c2a7f2220:-737c', 'RLI', 'rptis.landtax.facts.RPTLedgerItemFact', '1');
REPLACE INTO `sys_rule_condition_var` (`objid`, `parentid`, `ruleid`, `varname`, `datatype`, `pos`) VALUES ('RCONDec9d7ab:166235c2e16:-24fc', 'RCONDec9d7ab:166235c2e16:-24fc', 'RULec9d7ab:166235c2e16:-255e', 'RLTS', 'rptis.landtax.facts.RPTLedgerTaxSummaryFact', '0');
REPLACE INTO `sys_rule_condition_var` (`objid`, `parentid`, `ruleid`, `varname`, `datatype`, `pos`) VALUES ('RCONDec9d7ab:166235c2e16:-2ec7', 'RCONDec9d7ab:166235c2e16:-2ec7', 'RULec9d7ab:166235c2e16:-2f1f', 'BILL', 'rptis.landtax.facts.Bill', '0');
REPLACE INTO `sys_rule_condition_var` (`objid`, `parentid`, `ruleid`, `varname`, `datatype`, `pos`) VALUES ('RCONST-1a2d6e9b:1692d429304:-7746', 'RCOND-1a2d6e9b:1692d429304:-7748', 'RUL-1a2d6e9b:1692d429304:-7779', 'AV', 'decimal', '1');
REPLACE INTO `sys_rule_condition_var` (`objid`, `parentid`, `ruleid`, `varname`, `datatype`, `pos`) VALUES ('RCONST-1a2d6e9b:1692d429304:-7747', 'RCOND-1a2d6e9b:1692d429304:-7748', 'RUL-1a2d6e9b:1692d429304:-7779', 'YR', 'integer', '0');
REPLACE INTO `sys_rule_condition_var` (`objid`, `parentid`, `ruleid`, `varname`, `datatype`, `pos`) VALUES ('RCONST-2ede6703:16642adb9ce:-79c8', 'RCOND-2ede6703:16642adb9ce:-7a39', 'RUL-2ede6703:16642adb9ce:-7ba0', 'BILLDATE', 'date', '1');
REPLACE INTO `sys_rule_condition_var` (`objid`, `parentid`, `ruleid`, `varname`, `datatype`, `pos`) VALUES ('RCONST-33cdb157:178b179a470:-7077', 'RC70978a15:166ae6875d1:-7f22', 'RUL7e02b404:166ae687f42:-5511', 'NMON', 'integer', '5');
REPLACE INTO `sys_rule_condition_var` (`objid`, `parentid`, `ruleid`, `varname`, `datatype`, `pos`) VALUES ('RCONST2372be5b:17b4cb61bed:-7585', 'RC70978a15:166ae6875d1:-7f22', 'RUL7e02b404:166ae687f42:-5511', 'NMON', 'integer', '3');
REPLACE INTO `sys_rule_condition_var` (`objid`, `parentid`, `ruleid`, `varname`, `datatype`, `pos`) VALUES ('RCONST3073752b:184b21f9c7c:-6675', 'RC1e977bb4:184b24871c8:-79ac', 'RUL3073752b:184b21f9c7c:-67cb', 'NMON', 'integer', '3');
REPLACE INTO `sys_rule_condition_var` (`objid`, `parentid`, `ruleid`, `varname`, `datatype`, `pos`) VALUES ('RCONST5ffbdc02:166e7b2c367:-641c', 'RC70978a15:166ae6875d1:-7f22', 'RUL7e02b404:166ae687f42:-5511', 'TAX', 'decimal', '4');
REPLACE INTO `sys_rule_condition_var` (`objid`, `parentid`, `ruleid`, `varname`, `datatype`, `pos`) VALUES ('RCONST7c9b26f3:17c2a7f2220:-6f57', 'RCOND7c9b26f3:17c2a7f2220:-7239', 'RUL7c9b26f3:17c2a7f2220:-737c', 'TAX', 'decimal', '2');
REPLACE INTO `sys_rule_condition_var` (`objid`, `parentid`, `ruleid`, `varname`, `datatype`, `pos`) VALUES ('RCONST7c9b26f3:17c2a7f2220:-707b', 'RCOND7c9b26f3:17c2a7f2220:-7239', 'RUL7c9b26f3:17c2a7f2220:-737c', 'NMON', 'integer', '1');
REPLACE INTO `sys_rule_condition_var` (`objid`, `parentid`, `ruleid`, `varname`, `datatype`, `pos`) VALUES ('RCONST7c9b26f3:17c2a7f2220:-72d8', 'RCOND7c9b26f3:17c2a7f2220:-7330', 'RUL7c9b26f3:17c2a7f2220:-737c', 'CQTR', 'integer', '1');
REPLACE INTO `sys_rule_condition_var` (`objid`, `parentid`, `ruleid`, `varname`, `datatype`, `pos`) VALUES ('RCONST7c9b26f3:17c2a7f2220:-7314', 'RCOND7c9b26f3:17c2a7f2220:-7330', 'RUL7c9b26f3:17c2a7f2220:-737c', 'CY', 'integer', '0');
REPLACE INTO `sys_rule_condition_var` (`objid`, `parentid`, `ruleid`, `varname`, `datatype`, `pos`) VALUES ('RCONST7e02b404:166ae687f42:-54ad', 'RC70978a15:166ae6875d1:-7f24', 'RUL7e02b404:166ae687f42:-5511', 'CQTR', 'integer', '1');
REPLACE INTO `sys_rule_condition_var` (`objid`, `parentid`, `ruleid`, `varname`, `datatype`, `pos`) VALUES ('RCONSTec9d7ab:166235c2e16:-2ea1', 'RCONDec9d7ab:166235c2e16:-2ec7', 'RULec9d7ab:166235c2e16:-2f1f', 'CDATE', 'date', '0');

REPLACE INTO `sys_rule_condition_constraint` (`objid`, `parentid`, `field_objid`, `fieldname`, `varname`, `operator_caption`, `operator_symbol`, `usevar`, `var_objid`, `var_name`, `decimalvalue`, `intvalue`, `stringvalue`, `listvalue`, `datevalue`, `pos`) VALUES ('RCC-17442746:16be936f033:-7e83', 'RC-17442746:16be936f033:-7e86', 'rptis.landtax.facts.RPTLedgerItemFact.av', 'av', 'AV', NULL, NULL, NULL, NULL, NULL, NULL, NULL, NULL, NULL, NULL, '0');
REPLACE INTO `sys_rule_condition_constraint` (`objid`, `parentid`, `field_objid`, `fieldname`, `varname`, `operator_caption`, `operator_symbol`, `usevar`, `var_objid`, `var_name`, `decimalvalue`, `intvalue`, `stringvalue`, `listvalue`, `datevalue`, `pos`) VALUES ('RCC-43a97d40:17b4cb60c0d:-7fba', 'RC-43a97d40:17b4cb60c0d:-7fbb', 'CurrentDate.year', 'year', 'CY', NULL, NULL, NULL, NULL, NULL, NULL, NULL, NULL, NULL, NULL, '0');
REPLACE INTO `sys_rule_condition_constraint` (`objid`, `parentid`, `field_objid`, `fieldname`, `varname`, `operator_caption`, `operator_symbol`, `usevar`, `var_objid`, `var_name`, `decimalvalue`, `intvalue`, `stringvalue`, `listvalue`, `datevalue`, `pos`) VALUES ('RCC-43a97d40:17b4cb60c0d:-7fbc', 'RC-43a97d40:17b4cb60c0d:-7fbf', 'rptis.landtax.facts.RPTLedgerItemFact.year', 'year', NULL, 'less than', '<', '1', 'RCC-43a97d40:17b4cb60c0d:-7fba', 'CY', NULL, NULL, NULL, NULL, NULL, '0');
REPLACE INTO `sys_rule_condition_constraint` (`objid`, `parentid`, `field_objid`, `fieldname`, `varname`, `operator_caption`, `operator_symbol`, `usevar`, `var_objid`, `var_name`, `decimalvalue`, `intvalue`, `stringvalue`, `listvalue`, `datevalue`, `pos`) VALUES ('RCC-43a97d40:17b4cb60c0d:-7fbd', 'RC-43a97d40:17b4cb60c0d:-7fbf', 'rptis.landtax.facts.RPTLedgerItemFact.amtdue', 'amtdue', 'TAX', NULL, NULL, NULL, NULL, NULL, NULL, NULL, NULL, NULL, NULL, '1');
REPLACE INTO `sys_rule_condition_constraint` (`objid`, `parentid`, `field_objid`, `fieldname`, `varname`, `operator_caption`, `operator_symbol`, `usevar`, `var_objid`, `var_name`, `decimalvalue`, `intvalue`, `stringvalue`, `listvalue`, `datevalue`, `pos`) VALUES ('RCC-43a97d40:17b4cb60c0d:-7fbe', 'RC-43a97d40:17b4cb60c0d:-7fbf', 'rptis.landtax.facts.RPTLedgerItemFact.monthsfromjan', 'monthsfromjan', 'NMON', NULL, NULL, NULL, NULL, NULL, NULL, NULL, NULL, NULL, NULL, '2');
REPLACE INTO `sys_rule_condition_constraint` (`objid`, `parentid`, `field_objid`, `fieldname`, `varname`, `operator_caption`, `operator_symbol`, `usevar`, `var_objid`, `var_name`, `decimalvalue`, `intvalue`, `stringvalue`, `listvalue`, `datevalue`, `pos`) VALUES ('RCC-43a97d40:17b4cb60c0d:-7fd3', 'RC-43a97d40:17b4cb60c0d:-7fd6', 'rptis.landtax.facts.RPTLedgerItemFact.year', 'year', NULL, 'less than or equal to', '<=', '0', NULL, NULL, NULL, '1973', NULL, NULL, NULL, '0');
REPLACE INTO `sys_rule_condition_constraint` (`objid`, `parentid`, `field_objid`, `fieldname`, `varname`, `operator_caption`, `operator_symbol`, `usevar`, `var_objid`, `var_name`, `decimalvalue`, `intvalue`, `stringvalue`, `listvalue`, `datevalue`, `pos`) VALUES ('RCC-43a97d40:17b4cb60c0d:-7fd4', 'RC-43a97d40:17b4cb60c0d:-7fd6', 'rptis.landtax.facts.RPTLedgerItemFact.amtdue', 'amtdue', 'TAX', NULL, NULL, NULL, NULL, NULL, NULL, NULL, NULL, NULL, NULL, '1');
REPLACE INTO `sys_rule_condition_constraint` (`objid`, `parentid`, `field_objid`, `fieldname`, `varname`, `operator_caption`, `operator_symbol`, `usevar`, `var_objid`, `var_name`, `decimalvalue`, `intvalue`, `stringvalue`, `listvalue`, `datevalue`, `pos`) VALUES ('RCC1e977bb4:184b24871c8:-7870', 'RC1e977bb4:184b24871c8:-7872', 'CurrentDate.year', 'year', 'CY', NULL, NULL, NULL, NULL, NULL, NULL, NULL, NULL, NULL, NULL, '0');
REPLACE INTO `sys_rule_condition_constraint` (`objid`, `parentid`, `field_objid`, `fieldname`, `varname`, `operator_caption`, `operator_symbol`, `usevar`, `var_objid`, `var_name`, `decimalvalue`, `intvalue`, `stringvalue`, `listvalue`, `datevalue`, `pos`) VALUES ('RCC1e977bb4:184b24871c8:-7873', 'RC1e977bb4:184b24871c8:-7876', 'rptis.landtax.facts.RPTLedgerItemFact.year', 'year', NULL, 'greater than', '>', '1', 'RCC1e977bb4:184b24871c8:-7870', 'CY', NULL, NULL, NULL, NULL, NULL, '0');
REPLACE INTO `sys_rule_condition_constraint` (`objid`, `parentid`, `field_objid`, `fieldname`, `varname`, `operator_caption`, `operator_symbol`, `usevar`, `var_objid`, `var_name`, `decimalvalue`, `intvalue`, `stringvalue`, `listvalue`, `datevalue`, `pos`) VALUES ('RCC1e977bb4:184b24871c8:-7875', 'RC1e977bb4:184b24871c8:-7876', 'rptis.landtax.facts.RPTLedgerItemFact.amtdue', 'amtdue', 'TAX', NULL, NULL, NULL, NULL, NULL, NULL, NULL, NULL, NULL, NULL, '2');
REPLACE INTO `sys_rule_condition_constraint` (`objid`, `parentid`, `field_objid`, `fieldname`, `varname`, `operator_caption`, `operator_symbol`, `usevar`, `var_objid`, `var_name`, `decimalvalue`, `intvalue`, `stringvalue`, `listvalue`, `datevalue`, `pos`) VALUES ('RCC1e977bb4:184b24871c8:-789d', 'RC1e977bb4:184b24871c8:-789f', 'CurrentDate.year', 'year', 'CY', NULL, NULL, NULL, NULL, NULL, NULL, NULL, NULL, NULL, NULL, '0');
REPLACE INTO `sys_rule_condition_constraint` (`objid`, `parentid`, `field_objid`, `fieldname`, `varname`, `operator_caption`, `operator_symbol`, `usevar`, `var_objid`, `var_name`, `decimalvalue`, `intvalue`, `stringvalue`, `listvalue`, `datevalue`, `pos`) VALUES ('RCC1e977bb4:184b24871c8:-789e', 'RC1e977bb4:184b24871c8:-789f', 'CurrentDate.qtr', 'qtr', 'CQTR', NULL, NULL, NULL, NULL, NULL, NULL, '1', NULL, NULL, NULL, '1');
REPLACE INTO `sys_rule_condition_constraint` (`objid`, `parentid`, `field_objid`, `fieldname`, `varname`, `operator_caption`, `operator_symbol`, `usevar`, `var_objid`, `var_name`, `decimalvalue`, `intvalue`, `stringvalue`, `listvalue`, `datevalue`, `pos`) VALUES ('RCC1e977bb4:184b24871c8:-78a0', 'RC1e977bb4:184b24871c8:-78a3', 'rptis.landtax.facts.RPTLedgerItemFact.year', 'year', NULL, 'equal to', '==', '1', NULL, 'CY', NULL, NULL, NULL, NULL, NULL, '0');
REPLACE INTO `sys_rule_condition_constraint` (`objid`, `parentid`, `field_objid`, `fieldname`, `varname`, `operator_caption`, `operator_symbol`, `usevar`, `var_objid`, `var_name`, `decimalvalue`, `intvalue`, `stringvalue`, `listvalue`, `datevalue`, `pos`) VALUES ('RCC1e977bb4:184b24871c8:-78a1', 'RC1e977bb4:184b24871c8:-78a3', 'rptis.landtax.facts.RPTLedgerItemFact.qtr', 'qtr', NULL, 'greater than or equal to', '>=', '1', NULL, 'CQTR', NULL, NULL, NULL, NULL, NULL, '1');
REPLACE INTO `sys_rule_condition_constraint` (`objid`, `parentid`, `field_objid`, `fieldname`, `varname`, `operator_caption`, `operator_symbol`, `usevar`, `var_objid`, `var_name`, `decimalvalue`, `intvalue`, `stringvalue`, `listvalue`, `datevalue`, `pos`) VALUES ('RCC1e977bb4:184b24871c8:-78a2', 'RC1e977bb4:184b24871c8:-78a3', 'rptis.landtax.facts.RPTLedgerItemFact.amtdue', 'amtdue', 'TAX', NULL, NULL, NULL, NULL, NULL, NULL, NULL, NULL, NULL, NULL, '2');
REPLACE INTO `sys_rule_condition_constraint` (`objid`, `parentid`, `field_objid`, `fieldname`, `varname`, `operator_caption`, `operator_symbol`, `usevar`, `var_objid`, `var_name`, `decimalvalue`, `intvalue`, `stringvalue`, `listvalue`, `datevalue`, `pos`) VALUES ('RCC1e977bb4:184b24871c8:-795a', 'RC1e977bb4:184b24871c8:-795b', 'rptis.landtax.facts.RPTLedgerItemFact.backtax', 'backtax', NULL, 'is true', '== true', NULL, NULL, NULL, NULL, NULL, NULL, NULL, NULL, '0');
REPLACE INTO `sys_rule_condition_constraint` (`objid`, `parentid`, `field_objid`, `fieldname`, `varname`, `operator_caption`, `operator_symbol`, `usevar`, `var_objid`, `var_name`, `decimalvalue`, `intvalue`, `stringvalue`, `listvalue`, `datevalue`, `pos`) VALUES ('RCC1e977bb4:184b24871c8:-7976', 'RC1e977bb4:184b24871c8:-7979', 'rptis.landtax.facts.RPTLedgerItemFact.year', 'year', NULL, 'less than or equal to', '<=', NULL, NULL, NULL, NULL, '1985', NULL, NULL, NULL, '2');
REPLACE INTO `sys_rule_condition_constraint` (`objid`, `parentid`, `field_objid`, `fieldname`, `varname`, `operator_caption`, `operator_symbol`, `usevar`, `var_objid`, `var_name`, `decimalvalue`, `intvalue`, `stringvalue`, `listvalue`, `datevalue`, `pos`) VALUES ('RCC1e977bb4:184b24871c8:-7977', 'RC1e977bb4:184b24871c8:-7979', 'rptis.landtax.facts.RPTLedgerItemFact.year', 'year', NULL, 'greater than or equal to', '>=', '0', NULL, NULL, NULL, '1974', NULL, NULL, NULL, '0');
REPLACE INTO `sys_rule_condition_constraint` (`objid`, `parentid`, `field_objid`, `fieldname`, `varname`, `operator_caption`, `operator_symbol`, `usevar`, `var_objid`, `var_name`, `decimalvalue`, `intvalue`, `stringvalue`, `listvalue`, `datevalue`, `pos`) VALUES ('RCC1e977bb4:184b24871c8:-7978', 'RC1e977bb4:184b24871c8:-7979', 'rptis.landtax.facts.RPTLedgerItemFact.amtdue', 'amtdue', 'TAX', NULL, NULL, NULL, NULL, NULL, NULL, NULL, NULL, NULL, NULL, '1');
REPLACE INTO `sys_rule_condition_constraint` (`objid`, `parentid`, `field_objid`, `fieldname`, `varname`, `operator_caption`, `operator_symbol`, `usevar`, `var_objid`, `var_name`, `decimalvalue`, `intvalue`, `stringvalue`, `listvalue`, `datevalue`, `pos`) VALUES ('RCC1e977bb4:184b24871c8:-79a9', 'RC1e977bb4:184b24871c8:-79ac', 'rptis.landtax.facts.RPTLedgerItemFact.year', 'year', NULL, 'less than or equal to', '<=', NULL, NULL, NULL, NULL, '1991', NULL, NULL, NULL, '2');
REPLACE INTO `sys_rule_condition_constraint` (`objid`, `parentid`, `field_objid`, `fieldname`, `varname`, `operator_caption`, `operator_symbol`, `usevar`, `var_objid`, `var_name`, `decimalvalue`, `intvalue`, `stringvalue`, `listvalue`, `datevalue`, `pos`) VALUES ('RCC1e977bb4:184b24871c8:-79aa', 'RC1e977bb4:184b24871c8:-79ac', 'rptis.landtax.facts.RPTLedgerItemFact.year', 'year', NULL, 'greater than or equal to', '>=', '0', NULL, NULL, NULL, '1986', NULL, NULL, NULL, '0');
REPLACE INTO `sys_rule_condition_constraint` (`objid`, `parentid`, `field_objid`, `fieldname`, `varname`, `operator_caption`, `operator_symbol`, `usevar`, `var_objid`, `var_name`, `decimalvalue`, `intvalue`, `stringvalue`, `listvalue`, `datevalue`, `pos`) VALUES ('RCC1e977bb4:184b24871c8:-79ab', 'RC1e977bb4:184b24871c8:-79ac', 'rptis.landtax.facts.RPTLedgerItemFact.amtdue', 'amtdue', 'TAX', NULL, NULL, NULL, NULL, NULL, NULL, NULL, NULL, NULL, NULL, '1');
REPLACE INTO `sys_rule_condition_constraint` (`objid`, `parentid`, `field_objid`, `fieldname`, `varname`, `operator_caption`, `operator_symbol`, `usevar`, `var_objid`, `var_name`, `decimalvalue`, `intvalue`, `stringvalue`, `listvalue`, `datevalue`, `pos`) VALUES ('RCC1e977bb4:184b24871c8:-7a66', 'RC1e977bb4:184b24871c8:-7a68', 'rptis.landtax.facts.RPTLedgerItemFact.revtype', 'revtype', NULL, 'is any of the ff.', 'matches', NULL, NULL, NULL, NULL, NULL, NULL, '[\"sef\"]', NULL, '1');
REPLACE INTO `sys_rule_condition_constraint` (`objid`, `parentid`, `field_objid`, `fieldname`, `varname`, `operator_caption`, `operator_symbol`, `usevar`, `var_objid`, `var_name`, `decimalvalue`, `intvalue`, `stringvalue`, `listvalue`, `datevalue`, `pos`) VALUES ('RCC1e977bb4:184b24871c8:-7a67', 'RC1e977bb4:184b24871c8:-7a68', 'rptis.landtax.facts.RPTLedgerItemFact.av', 'av', 'AV', NULL, NULL, NULL, NULL, NULL, NULL, NULL, NULL, NULL, NULL, '0');
REPLACE INTO `sys_rule_condition_constraint` (`objid`, `parentid`, `field_objid`, `fieldname`, `varname`, `operator_caption`, `operator_symbol`, `usevar`, `var_objid`, `var_name`, `decimalvalue`, `intvalue`, `stringvalue`, `listvalue`, `datevalue`, `pos`) VALUES ('RCC1e977bb4:184b24871c8:-7a69', 'RC1e977bb4:184b24871c8:-7a6a', 'rptis.landtax.facts.RPTLedgerFact.taxpayerid', 'taxpayerid', NULL, 'is any of the ff.', 'matches', NULL, NULL, NULL, NULL, NULL, NULL, '[[key:\"E-70458c0:1485d10dcd5:-6935\",value:\"SAN CARLOS SUN POWER, INC.\"],[key:\"E-a96c4ee:13e0887830e:-5e4b\",value:\"SAN CARLOS SOLAR ENERGY, INC. (SACASOL)\"],[key:\"JUR6065eb4d:1306758d9bc:-7ac0\",value:\"SAN CARLOS BIOPOWER, INC.\"]]', NULL, '0');
REPLACE INTO `sys_rule_condition_constraint` (`objid`, `parentid`, `field_objid`, `fieldname`, `varname`, `operator_caption`, `operator_symbol`, `usevar`, `var_objid`, `var_name`, `decimalvalue`, `intvalue`, `stringvalue`, `listvalue`, `datevalue`, `pos`) VALUES ('RCC440e47f4:166ae4152f1:-7fbd', 'RC440e47f4:166ae4152f1:-7fbe', 'CurrentDate.year', 'year', 'CY', NULL, NULL, NULL, NULL, NULL, NULL, NULL, NULL, NULL, NULL, '0');
REPLACE INTO `sys_rule_condition_constraint` (`objid`, `parentid`, `field_objid`, `fieldname`, `varname`, `operator_caption`, `operator_symbol`, `usevar`, `var_objid`, `var_name`, `decimalvalue`, `intvalue`, `stringvalue`, `listvalue`, `datevalue`, `pos`) VALUES ('RCC440e47f4:166ae4152f1:-7fbf', 'RC440e47f4:166ae4152f1:-7fc0', 'rptis.landtax.facts.RPTLedgerItemFact.year', 'year', NULL, 'less than', '<', '1', 'RCC440e47f4:166ae4152f1:-7fbd', 'CY', NULL, NULL, NULL, NULL, NULL, '0');
REPLACE INTO `sys_rule_condition_constraint` (`objid`, `parentid`, `field_objid`, `fieldname`, `varname`, `operator_caption`, `operator_symbol`, `usevar`, `var_objid`, `var_name`, `decimalvalue`, `intvalue`, `stringvalue`, `listvalue`, `datevalue`, `pos`) VALUES ('RCC70978a15:166ae6875d1:-7f1d', 'RC70978a15:166ae6875d1:-7f22', 'rptis.landtax.facts.RPTLedgerItemFact.revtype', 'revtype', NULL, 'is any of the ff.', 'matches', NULL, NULL, NULL, NULL, NULL, NULL, '[\"basic\",\"sef\"]', NULL, '0');
REPLACE INTO `sys_rule_condition_constraint` (`objid`, `parentid`, `field_objid`, `fieldname`, `varname`, `operator_caption`, `operator_symbol`, `usevar`, `var_objid`, `var_name`, `decimalvalue`, `intvalue`, `stringvalue`, `listvalue`, `datevalue`, `pos`) VALUES ('RCC70978a15:166ae6875d1:-7f23', 'RC70978a15:166ae6875d1:-7f24', 'CurrentDate.year', 'year', 'CY', NULL, NULL, NULL, NULL, NULL, NULL, NULL, NULL, NULL, NULL, '0');
REPLACE INTO `sys_rule_condition_constraint` (`objid`, `parentid`, `field_objid`, `fieldname`, `varname`, `operator_caption`, `operator_symbol`, `usevar`, `var_objid`, `var_name`, `decimalvalue`, `intvalue`, `stringvalue`, `listvalue`, `datevalue`, `pos`) VALUES ('RCC7280357:166235c1be7:-7fac', 'RC7280357:166235c1be7:-7fad', 'CurrentDate.year', 'year', 'CY', NULL, NULL, NULL, NULL, NULL, NULL, NULL, NULL, NULL, NULL, '0');
REPLACE INTO `sys_rule_condition_constraint` (`objid`, `parentid`, `field_objid`, `fieldname`, `varname`, `operator_caption`, `operator_symbol`, `usevar`, `var_objid`, `var_name`, `decimalvalue`, `intvalue`, `stringvalue`, `listvalue`, `datevalue`, `pos`) VALUES ('RCC7280357:166235c1be7:-7fae', 'RC7280357:166235c1be7:-7faf', 'rptis.landtax.facts.RPTLedgerItemFact.year', 'year', NULL, 'greater than', '>', '1', 'RCC7280357:166235c1be7:-7fac', 'CY', NULL, NULL, NULL, NULL, NULL, '0');
REPLACE INTO `sys_rule_condition_constraint` (`objid`, `parentid`, `field_objid`, `fieldname`, `varname`, `operator_caption`, `operator_symbol`, `usevar`, `var_objid`, `var_name`, `decimalvalue`, `intvalue`, `stringvalue`, `listvalue`, `datevalue`, `pos`) VALUES ('RCC7280357:166235c1be7:-7fb3', 'RC7280357:166235c1be7:-7fb4', 'CurrentDate.year', 'year', 'CY', NULL, NULL, NULL, NULL, NULL, NULL, NULL, NULL, NULL, NULL, '0');
REPLACE INTO `sys_rule_condition_constraint` (`objid`, `parentid`, `field_objid`, `fieldname`, `varname`, `operator_caption`, `operator_symbol`, `usevar`, `var_objid`, `var_name`, `decimalvalue`, `intvalue`, `stringvalue`, `listvalue`, `datevalue`, `pos`) VALUES ('RCC7280357:166235c1be7:-7fb5', 'RC7280357:166235c1be7:-7fb6', 'rptis.landtax.facts.RPTLedgerItemFact.year', 'year', NULL, 'equal to', '==', '1', 'RCC7280357:166235c1be7:-7fb3', 'CY', NULL, NULL, NULL, NULL, NULL, '0');
REPLACE INTO `sys_rule_condition_constraint` (`objid`, `parentid`, `field_objid`, `fieldname`, `varname`, `operator_caption`, `operator_symbol`, `usevar`, `var_objid`, `var_name`, `decimalvalue`, `intvalue`, `stringvalue`, `listvalue`, `datevalue`, `pos`) VALUES ('RCC7280357:166235c1be7:-7fba', 'RC7280357:166235c1be7:-7fbb', 'CurrentDate.year', 'year', 'CY', NULL, NULL, NULL, NULL, NULL, NULL, NULL, NULL, NULL, NULL, '0');
REPLACE INTO `sys_rule_condition_constraint` (`objid`, `parentid`, `field_objid`, `fieldname`, `varname`, `operator_caption`, `operator_symbol`, `usevar`, `var_objid`, `var_name`, `decimalvalue`, `intvalue`, `stringvalue`, `listvalue`, `datevalue`, `pos`) VALUES ('RCC7280357:166235c1be7:-7fbc', 'RC7280357:166235c1be7:-7fbd', 'rptis.landtax.facts.RPTLedgerFact.lastyearpaid', 'lastyearpaid', NULL, 'equal to', '==', '1', 'RCC7280357:166235c1be7:-7fba', 'CY', NULL, NULL, NULL, NULL, NULL, '0');
REPLACE INTO `sys_rule_condition_constraint` (`objid`, `parentid`, `field_objid`, `fieldname`, `varname`, `operator_caption`, `operator_symbol`, `usevar`, `var_objid`, `var_name`, `decimalvalue`, `intvalue`, `stringvalue`, `listvalue`, `datevalue`, `pos`) VALUES ('RCC7280357:166235c1be7:-7fbf', 'RC7280357:166235c1be7:-7fc0', 'rptis.landtax.facts.Bill.billtoyear', 'billtoyear', NULL, 'greater than', '>', '1', 'RCC7280357:166235c1be7:-7fba', 'CY', NULL, NULL, NULL, NULL, NULL, '1');
REPLACE INTO `sys_rule_condition_constraint` (`objid`, `parentid`, `field_objid`, `fieldname`, `varname`, `operator_caption`, `operator_symbol`, `usevar`, `var_objid`, `var_name`, `decimalvalue`, `intvalue`, `stringvalue`, `listvalue`, `datevalue`, `pos`) VALUES ('RCONST-1a2d6e9b:1692d429304:-7746', 'RCOND-1a2d6e9b:1692d429304:-7748', 'rptis.landtax.facts.AssessedValue.av', 'av', 'AV', NULL, NULL, NULL, NULL, NULL, NULL, NULL, NULL, NULL, NULL, '1');
REPLACE INTO `sys_rule_condition_constraint` (`objid`, `parentid`, `field_objid`, `fieldname`, `varname`, `operator_caption`, `operator_symbol`, `usevar`, `var_objid`, `var_name`, `decimalvalue`, `intvalue`, `stringvalue`, `listvalue`, `datevalue`, `pos`) VALUES ('RCONST-1a2d6e9b:1692d429304:-7747', 'RCOND-1a2d6e9b:1692d429304:-7748', 'rptis.landtax.facts.AssessedValue.year', 'year', 'YR', NULL, NULL, NULL, NULL, NULL, NULL, NULL, NULL, NULL, NULL, '0');
REPLACE INTO `sys_rule_condition_constraint` (`objid`, `parentid`, `field_objid`, `fieldname`, `varname`, `operator_caption`, `operator_symbol`, `usevar`, `var_objid`, `var_name`, `decimalvalue`, `intvalue`, `stringvalue`, `listvalue`, `datevalue`, `pos`) VALUES ('RCONST-2ede6703:16642adb9ce:-79c8', 'RCOND-2ede6703:16642adb9ce:-7a39', 'rptis.landtax.facts.Bill.billdate', 'billdate', 'BILLDATE', NULL, NULL, NULL, NULL, NULL, NULL, NULL, NULL, NULL, NULL, '1');
REPLACE INTO `sys_rule_condition_constraint` (`objid`, `parentid`, `field_objid`, `fieldname`, `varname`, `operator_caption`, `operator_symbol`, `usevar`, `var_objid`, `var_name`, `decimalvalue`, `intvalue`, `stringvalue`, `listvalue`, `datevalue`, `pos`) VALUES ('RCONST-2ede6703:16642adb9ce:-7a03', 'RCOND-2ede6703:16642adb9ce:-7a39', 'rptis.landtax.facts.Bill.advancebill', 'advancebill', NULL, 'is true', '== true', NULL, NULL, NULL, NULL, NULL, NULL, NULL, NULL, '0');
REPLACE INTO `sys_rule_condition_constraint` (`objid`, `parentid`, `field_objid`, `fieldname`, `varname`, `operator_caption`, `operator_symbol`, `usevar`, `var_objid`, `var_name`, `decimalvalue`, `intvalue`, `stringvalue`, `listvalue`, `datevalue`, `pos`) VALUES ('RCONST-33cdb157:178b179a470:-7077', 'RC70978a15:166ae6875d1:-7f22', 'rptis.landtax.facts.RPTLedgerItemFact.monthsfromqt', 'monthsfromqtr', 'NMON', NULL, NULL, NULL, NULL, NULL, NULL, NULL, NULL, NULL, NULL, '5');
REPLACE INTO `sys_rule_condition_constraint` (`objid`, `parentid`, `field_objid`, `fieldname`, `varname`, `operator_caption`, `operator_symbol`, `usevar`, `var_objid`, `var_name`, `decimalvalue`, `intvalue`, `stringvalue`, `listvalue`, `datevalue`, `pos`) VALUES ('RCONST2372be5b:17b4cb61bed:-3cc0', 'RC70978a15:166ae6875d1:-7f22', 'rptis.landtax.facts.RPTLedgerItemFact.qtr', 'qtr', NULL, 'less than', '<', '1', 'RCONST7e02b404:166ae687f42:-54ad', 'CQTR', NULL, NULL, NULL, NULL, NULL, '4');
REPLACE INTO `sys_rule_condition_constraint` (`objid`, `parentid`, `field_objid`, `fieldname`, `varname`, `operator_caption`, `operator_symbol`, `usevar`, `var_objid`, `var_name`, `decimalvalue`, `intvalue`, `stringvalue`, `listvalue`, `datevalue`, `pos`) VALUES ('RCONST2372be5b:17b4cb61bed:-7585', 'RC70978a15:166ae6875d1:-7f22', 'rptis.landtax.facts.RPTLedgerItemFact.monthsfromqtr', 'monthsfromqtr', 'NMON', NULL, NULL, '0', NULL, NULL, NULL, NULL, NULL, NULL, NULL, '3');
REPLACE INTO `sys_rule_condition_constraint` (`objid`, `parentid`, `field_objid`, `fieldname`, `varname`, `operator_caption`, `operator_symbol`, `usevar`, `var_objid`, `var_name`, `decimalvalue`, `intvalue`, `stringvalue`, `listvalue`, `datevalue`, `pos`) VALUES ('RCONST2372be5b:17b4cb61bed:-7917', 'RC-43a97d40:17b4cb60c0d:-7fbf', 'rptis.landtax.facts.RPTLedgerItemFact.year', 'year', NULL, 'greater than or equal to', '>=', NULL, NULL, NULL, NULL, '1992', NULL, NULL, NULL, '3');
REPLACE INTO `sys_rule_condition_constraint` (`objid`, `parentid`, `field_objid`, `fieldname`, `varname`, `operator_caption`, `operator_symbol`, `usevar`, `var_objid`, `var_name`, `decimalvalue`, `intvalue`, `stringvalue`, `listvalue`, `datevalue`, `pos`) VALUES ('RCONST3073752b:184b21f9c7c:-5d06', 'RCOND3073752b:184b21f9c7c:-5e81', 'rptis.landtax.facts.RPTLedgerItemFact.year', 'year', NULL, 'less than or equal to', '<=', NULL, NULL, NULL, NULL, '2022', NULL, NULL, NULL, '1');
REPLACE INTO `sys_rule_condition_constraint` (`objid`, `parentid`, `field_objid`, `fieldname`, `varname`, `operator_caption`, `operator_symbol`, `usevar`, `var_objid`, `var_name`, `decimalvalue`, `intvalue`, `stringvalue`, `listvalue`, `datevalue`, `pos`) VALUES ('RCONST3073752b:184b21f9c7c:-5e2f', 'RCOND3073752b:184b21f9c7c:-5e81', 'rptis.landtax.facts.RPTLedgerItemFact.year', 'year', NULL, 'greater than', '>', NULL, NULL, NULL, NULL, '2019', NULL, NULL, NULL, '0');
REPLACE INTO `sys_rule_condition_constraint` (`objid`, `parentid`, `field_objid`, `fieldname`, `varname`, `operator_caption`, `operator_symbol`, `usevar`, `var_objid`, `var_name`, `decimalvalue`, `intvalue`, `stringvalue`, `listvalue`, `datevalue`, `pos`) VALUES ('RCONST3073752b:184b21f9c7c:-5ef0', 'RCOND3073752b:184b21f9c7c:-5f2a', 'rptis.landtax.facts.RPTLedgerFact.objid', 'objid', NULL, 'is any of the ff.', 'matches', NULL, NULL, NULL, NULL, NULL, NULL, '[[key:\"RPTL-63aab285:13140dcdbcd:6086\",value:\"2018-04-0017-33360\"]]', NULL, '0');
REPLACE INTO `sys_rule_condition_constraint` (`objid`, `parentid`, `field_objid`, `fieldname`, `varname`, `operator_caption`, `operator_symbol`, `usevar`, `var_objid`, `var_name`, `decimalvalue`, `intvalue`, `stringvalue`, `listvalue`, `datevalue`, `pos`) VALUES ('RCONST3073752b:184b21f9c7c:-61c6', 'RCOND3073752b:184b21f9c7c:-6290', 'rptis.landtax.facts.RPTLedgerItemFact.qtr', 'qtr', NULL, 'equal to', '==', NULL, NULL, NULL, NULL, '3', NULL, NULL, NULL, '1');
REPLACE INTO `sys_rule_condition_constraint` (`objid`, `parentid`, `field_objid`, `fieldname`, `varname`, `operator_caption`, `operator_symbol`, `usevar`, `var_objid`, `var_name`, `decimalvalue`, `intvalue`, `stringvalue`, `listvalue`, `datevalue`, `pos`) VALUES ('RCONST3073752b:184b21f9c7c:-623e', 'RCOND3073752b:184b21f9c7c:-6290', 'rptis.landtax.facts.RPTLedgerItemFact.year', 'year', NULL, 'equal to', '==', NULL, NULL, NULL, NULL, '2020', NULL, NULL, NULL, '0');
REPLACE INTO `sys_rule_condition_constraint` (`objid`, `parentid`, `field_objid`, `fieldname`, `varname`, `operator_caption`, `operator_symbol`, `usevar`, `var_objid`, `var_name`, `decimalvalue`, `intvalue`, `stringvalue`, `listvalue`, `datevalue`, `pos`) VALUES ('RCONST3073752b:184b21f9c7c:-636d', 'RCOND3073752b:184b21f9c7c:-63c3', 'rptis.landtax.facts.RPTLedgerFact.rputype', 'rputype', NULL, 'is any of the ff.', 'matches', NULL, NULL, NULL, NULL, NULL, NULL, '[\"land\",\"mach\"]', NULL, '0');
REPLACE INTO `sys_rule_condition_constraint` (`objid`, `parentid`, `field_objid`, `fieldname`, `varname`, `operator_caption`, `operator_symbol`, `usevar`, `var_objid`, `var_name`, `decimalvalue`, `intvalue`, `stringvalue`, `listvalue`, `datevalue`, `pos`) VALUES ('RCONST3073752b:184b21f9c7c:-6675', 'RC1e977bb4:184b24871c8:-79ac', 'rptis.landtax.facts.RPTLedgerItemFact.monthsfromqtr', 'monthsfromqtr', 'NMON', NULL, NULL, NULL, NULL, NULL, NULL, NULL, NULL, NULL, NULL, '3');
REPLACE INTO `sys_rule_condition_constraint` (`objid`, `parentid`, `field_objid`, `fieldname`, `varname`, `operator_caption`, `operator_symbol`, `usevar`, `var_objid`, `var_name`, `decimalvalue`, `intvalue`, `stringvalue`, `listvalue`, `datevalue`, `pos`) VALUES ('RCONST43877190:16db8bfd315:-6faf', 'RC-17442746:16be936f033:-7e86', 'rptis.landtax.facts.RPTLedgerItemFact.revtype', 'revtype', NULL, 'is any of the ff.', 'matches', NULL, NULL, NULL, NULL, NULL, NULL, '[\"basic\",\"sef\"]', NULL, '1');
REPLACE INTO `sys_rule_condition_constraint` (`objid`, `parentid`, `field_objid`, `fieldname`, `varname`, `operator_caption`, `operator_symbol`, `usevar`, `var_objid`, `var_name`, `decimalvalue`, `intvalue`, `stringvalue`, `listvalue`, `datevalue`, `pos`) VALUES ('RCONST5ffbdc02:166e7b2c367:-641c', 'RC70978a15:166ae6875d1:-7f22', 'rptis.landtax.facts.RPTLedgerItemFact.amtdue', 'amtdue', 'TAX', NULL, NULL, NULL, NULL, NULL, NULL, NULL, NULL, NULL, NULL, '4');
REPLACE INTO `sys_rule_condition_constraint` (`objid`, `parentid`, `field_objid`, `fieldname`, `varname`, `operator_caption`, `operator_symbol`, `usevar`, `var_objid`, `var_name`, `decimalvalue`, `intvalue`, `stringvalue`, `listvalue`, `datevalue`, `pos`) VALUES ('RCONST5ffbdc02:166e7b2c367:-66a5', 'RC70978a15:166ae6875d1:-7f22', 'rptis.landtax.facts.RPTLedgerItemFact.year', 'year', NULL, 'equal to', '==', '1', 'RCC70978a15:166ae6875d1:-7f23', 'CY', NULL, NULL, NULL, NULL, NULL, '1');
REPLACE INTO `sys_rule_condition_constraint` (`objid`, `parentid`, `field_objid`, `fieldname`, `varname`, `operator_caption`, `operator_symbol`, `usevar`, `var_objid`, `var_name`, `decimalvalue`, `intvalue`, `stringvalue`, `listvalue`, `datevalue`, `pos`) VALUES ('RCONST7c9b26f3:17c2a7f2220:-6c79', 'RCOND7c9b26f3:17c2a7f2220:-7239', 'rptis.landtax.facts.RPTLedgerItemFact.revtype', 'revtype', NULL, 'is any of the ff.', 'matches', NULL, NULL, NULL, NULL, NULL, NULL, '[\"basic\",\"sef\"]', NULL, '4');
REPLACE INTO `sys_rule_condition_constraint` (`objid`, `parentid`, `field_objid`, `fieldname`, `varname`, `operator_caption`, `operator_symbol`, `usevar`, `var_objid`, `var_name`, `decimalvalue`, `intvalue`, `stringvalue`, `listvalue`, `datevalue`, `pos`) VALUES ('RCONST7c9b26f3:17c2a7f2220:-6dd3', 'RCOND7c9b26f3:17c2a7f2220:-7239', 'rptis.landtax.facts.RPTLedgerItemFact.qtrlypaymentavailed', 'qtrlypaymentavailed', NULL, 'not true', '== false', NULL, NULL, NULL, NULL, NULL, NULL, NULL, NULL, '3');
REPLACE INTO `sys_rule_condition_constraint` (`objid`, `parentid`, `field_objid`, `fieldname`, `varname`, `operator_caption`, `operator_symbol`, `usevar`, `var_objid`, `var_name`, `decimalvalue`, `intvalue`, `stringvalue`, `listvalue`, `datevalue`, `pos`) VALUES ('RCONST7c9b26f3:17c2a7f2220:-6f57', 'RCOND7c9b26f3:17c2a7f2220:-7239', 'rptis.landtax.facts.RPTLedgerItemFact.amtdue', 'amtdue', 'TAX', NULL, NULL, NULL, NULL, NULL, NULL, NULL, NULL, NULL, NULL, '2');
REPLACE INTO `sys_rule_condition_constraint` (`objid`, `parentid`, `field_objid`, `fieldname`, `varname`, `operator_caption`, `operator_symbol`, `usevar`, `var_objid`, `var_name`, `decimalvalue`, `intvalue`, `stringvalue`, `listvalue`, `datevalue`, `pos`) VALUES ('RCONST7c9b26f3:17c2a7f2220:-707b', 'RCOND7c9b26f3:17c2a7f2220:-7239', 'rptis.landtax.facts.RPTLedgerItemFact.monthsfromjan', 'monthsfromjan', 'NMON', NULL, NULL, NULL, NULL, NULL, NULL, NULL, NULL, NULL, NULL, '1');
REPLACE INTO `sys_rule_condition_constraint` (`objid`, `parentid`, `field_objid`, `fieldname`, `varname`, `operator_caption`, `operator_symbol`, `usevar`, `var_objid`, `var_name`, `decimalvalue`, `intvalue`, `stringvalue`, `listvalue`, `datevalue`, `pos`) VALUES ('RCONST7c9b26f3:17c2a7f2220:-71e5', 'RCOND7c9b26f3:17c2a7f2220:-7239', 'rptis.landtax.facts.RPTLedgerItemFact.year', 'year', NULL, 'equal to', '==', '1', 'RCONST7c9b26f3:17c2a7f2220:-7314', 'CY', NULL, NULL, NULL, NULL, NULL, '0');
REPLACE INTO `sys_rule_condition_constraint` (`objid`, `parentid`, `field_objid`, `fieldname`, `varname`, `operator_caption`, `operator_symbol`, `usevar`, `var_objid`, `var_name`, `decimalvalue`, `intvalue`, `stringvalue`, `listvalue`, `datevalue`, `pos`) VALUES ('RCONST7c9b26f3:17c2a7f2220:-72d8', 'RCOND7c9b26f3:17c2a7f2220:-7330', 'CurrentDate.qtr', 'qtr', 'CQTR', 'greater than or equal to', '>=', NULL, NULL, NULL, NULL, '2', NULL, NULL, NULL, '1');
REPLACE INTO `sys_rule_condition_constraint` (`objid`, `parentid`, `field_objid`, `fieldname`, `varname`, `operator_caption`, `operator_symbol`, `usevar`, `var_objid`, `var_name`, `decimalvalue`, `intvalue`, `stringvalue`, `listvalue`, `datevalue`, `pos`) VALUES ('RCONST7c9b26f3:17c2a7f2220:-7314', 'RCOND7c9b26f3:17c2a7f2220:-7330', 'CurrentDate.year', 'year', 'CY', NULL, NULL, NULL, NULL, NULL, NULL, NULL, NULL, NULL, NULL, '0');
REPLACE INTO `sys_rule_condition_constraint` (`objid`, `parentid`, `field_objid`, `fieldname`, `varname`, `operator_caption`, `operator_symbol`, `usevar`, `var_objid`, `var_name`, `decimalvalue`, `intvalue`, `stringvalue`, `listvalue`, `datevalue`, `pos`) VALUES ('RCONST7e02b404:166ae687f42:-54ad', 'RC70978a15:166ae6875d1:-7f24', 'CurrentDate.qtr', 'qtr', 'CQTR', 'greater than', '>', NULL, NULL, NULL, NULL, '1', NULL, NULL, NULL, '1');
REPLACE INTO `sys_rule_condition_constraint` (`objid`, `parentid`, `field_objid`, `fieldname`, `varname`, `operator_caption`, `operator_symbol`, `usevar`, `var_objid`, `var_name`, `decimalvalue`, `intvalue`, `stringvalue`, `listvalue`, `datevalue`, `pos`) VALUES ('RCONSTec9d7ab:166235c2e16:-2ea1', 'RCONDec9d7ab:166235c2e16:-2ec7', 'rptis.landtax.facts.Bill.currentdate', 'currentdate', 'CDATE', NULL, NULL, NULL, NULL, NULL, NULL, NULL, NULL, NULL, NULL, '0');
REPLACE INTO `sys_rule_condition_constraint` (`objid`, `parentid`, `field_objid`, `fieldname`, `varname`, `operator_caption`, `operator_symbol`, `usevar`, `var_objid`, `var_name`, `decimalvalue`, `intvalue`, `stringvalue`, `listvalue`, `datevalue`, `pos`) VALUES ('RCONSTec9d7ab:166235c2e16:-311f', 'RC7280357:166235c1be7:-7fbd', 'rptis.landtax.facts.RPTLedgerFact.lastqtrpaid', 'lastqtrpaid', NULL, 'equal to', '==', NULL, NULL, NULL, NULL, '4', NULL, NULL, NULL, '1');
REPLACE INTO `sys_rule_condition_constraint` (`objid`, `parentid`, `field_objid`, `fieldname`, `varname`, `operator_caption`, `operator_symbol`, `usevar`, `var_objid`, `var_name`, `decimalvalue`, `intvalue`, `stringvalue`, `listvalue`, `datevalue`, `pos`) VALUES ('RCONSTec9d7ab:166235c2e16:-36b2', 'RC7280357:166235c1be7:-7fc7', 'rptis.landtax.facts.RPTLedgerItemFact.revtype', 'revtype', NULL, 'is any of the ff.', 'matches', '0', NULL, NULL, NULL, NULL, NULL, '[\"basic\",\"sef\"]', NULL, '1');

REPLACE INTO `sys_rule_action` (`objid`, `parentid`, `actiondef_objid`, `actiondef_name`, `pos`) VALUES ('RA-17442746:16be936f033:-7e82', 'RUL483027b0:16be9375c61:-77e6', 'rptis.landtax.actions.CalcTax', 'calc-tax', '0');
REPLACE INTO `sys_rule_action` (`objid`, `parentid`, `actiondef_objid`, `actiondef_name`, `pos`) VALUES ('RA-43a97d40:17b4cb60c0d:-7ec1', 'RUL2372be5b:17b4cb61bed:-418b', 'rptis.landtax.actions.SplitByQtr', 'split-by-qtr', '0');
REPLACE INTO `sys_rule_action` (`objid`, `parentid`, `actiondef_objid`, `actiondef_name`, `pos`) VALUES ('RA-43a97d40:17b4cb60c0d:-7fb9', 'RUL2372be5b:17b4cb61bed:-79ec', 'rptis.landtax.actions.CalcInterest', 'calc-interest', '0');
REPLACE INTO `sys_rule_action` (`objid`, `parentid`, `actiondef_objid`, `actiondef_name`, `pos`) VALUES ('RA-43a97d40:17b4cb60c0d:-7fd0', 'RUL2372be5b:17b4cb61bed:-7cda', 'rptis.landtax.actions.CalcInterest', 'calc-interest', '0');
REPLACE INTO `sys_rule_action` (`objid`, `parentid`, `actiondef_objid`, `actiondef_name`, `pos`) VALUES ('RA1e977bb4:184b24871c8:-786f', 'RUL3073752b:184b21f9c7c:-5a93', 'rptis.landtax.actions.CalcDiscount', 'calc-discount', '0');
REPLACE INTO `sys_rule_action` (`objid`, `parentid`, `actiondef_objid`, `actiondef_name`, `pos`) VALUES ('RA1e977bb4:184b24871c8:-7899', 'RUL3073752b:184b21f9c7c:-5b90', 'rptis.landtax.actions.CalcDiscount', 'calc-discount', '0');
REPLACE INTO `sys_rule_action` (`objid`, `parentid`, `actiondef_objid`, `actiondef_name`, `pos`) VALUES ('RA1e977bb4:184b24871c8:-7959', 'RUL3073752b:184b21f9c7c:-642c', 'rptis.landtax.actions.CalcInterest', 'calc-interest', '0');
REPLACE INTO `sys_rule_action` (`objid`, `parentid`, `actiondef_objid`, `actiondef_name`, `pos`) VALUES ('RA1e977bb4:184b24871c8:-7975', 'RUL3073752b:184b21f9c7c:-650c', 'rptis.landtax.actions.CalcInterest', 'calc-interest', '0');
REPLACE INTO `sys_rule_action` (`objid`, `parentid`, `actiondef_objid`, `actiondef_name`, `pos`) VALUES ('RA1e977bb4:184b24871c8:-79a8', 'RUL3073752b:184b21f9c7c:-67cb', 'rptis.landtax.actions.CalcInterest', 'calc-interest', '0');
REPLACE INTO `sys_rule_action` (`objid`, `parentid`, `actiondef_objid`, `actiondef_name`, `pos`) VALUES ('RA1e977bb4:184b24871c8:-7a65', 'RUL3073752b:184b21f9c7c:-76c0', 'rptis.landtax.actions.CalcTax', 'calc-tax', '0');
REPLACE INTO `sys_rule_action` (`objid`, `parentid`, `actiondef_objid`, `actiondef_name`, `pos`) VALUES ('RA440e47f4:166ae4152f1:-7fbc', 'RUL1262ad19:166ae41b1fb:-7c88', 'rptis.landtax.actions.CreateTaxSummary', 'create-tax-summary', '0');
REPLACE INTO `sys_rule_action` (`objid`, `parentid`, `actiondef_objid`, `actiondef_name`, `pos`) VALUES ('RA7280357:166235c1be7:-7fab', 'RULec9d7ab:166235c2e16:-26bf', 'rptis.landtax.actions.CreateTaxSummary', 'create-tax-summary', '0');
REPLACE INTO `sys_rule_action` (`objid`, `parentid`, `actiondef_objid`, `actiondef_name`, `pos`) VALUES ('RA7280357:166235c1be7:-7fb2', 'RULec9d7ab:166235c2e16:-26d0', 'rptis.landtax.actions.CreateTaxSummary', 'create-tax-summary', '0');
REPLACE INTO `sys_rule_action` (`objid`, `parentid`, `actiondef_objid`, `actiondef_name`, `pos`) VALUES ('RA7280357:166235c1be7:-7fb9', 'RULec9d7ab:166235c2e16:-319f', 'rptis.landtax.actions.SetBillExpiryDate', 'set-bill-expiry', '0');
REPLACE INTO `sys_rule_action` (`objid`, `parentid`, `actiondef_objid`, `actiondef_name`, `pos`) VALUES ('RACT-1a2d6e9b:1692d429304:-7649', 'RUL-1a2d6e9b:1692d429304:-7779', 'rptis.landtax.actions.AddSef', 'add-sef', '0');
REPLACE INTO `sys_rule_action` (`objid`, `parentid`, `actiondef_objid`, `actiondef_name`, `pos`) VALUES ('RACT-1a2d6e9b:1692d429304:-7700', 'RUL-1a2d6e9b:1692d429304:-7779', 'rptis.landtax.actions.AddBasic', 'add-basic', '0');
REPLACE INTO `sys_rule_action` (`objid`, `parentid`, `actiondef_objid`, `actiondef_name`, `pos`) VALUES ('RACT-2ede6703:16642adb9ce:-794c', 'RUL-2ede6703:16642adb9ce:-7ba0', 'rptis.landtax.actions.SetBillExpiryDate', 'set-bill-expiry', '0');
REPLACE INTO `sys_rule_action` (`objid`, `parentid`, `actiondef_objid`, `actiondef_name`, `pos`) VALUES ('RACT3073752b:184b21f9c7c:-5c77', 'RUL3073752b:184b21f9c7c:-60db', 'rptis.landtax.actions.CalcInterest', 'calc-interest', '0');
REPLACE INTO `sys_rule_action` (`objid`, `parentid`, `actiondef_objid`, `actiondef_name`, `pos`) VALUES ('RACT3073752b:184b21f9c7c:-613f', 'RUL3073752b:184b21f9c7c:-62ee', 'rptis.landtax.actions.CalcInterest', 'calc-interest', '0');
REPLACE INTO `sys_rule_action` (`objid`, `parentid`, `actiondef_objid`, `actiondef_name`, `pos`) VALUES ('RACT5ffbdc02:166e7b2c367:-6229', 'RUL7e02b404:166ae687f42:-5511', 'rptis.landtax.actions.CalcInterest', 'calc-interest', '0');
REPLACE INTO `sys_rule_action` (`objid`, `parentid`, `actiondef_objid`, `actiondef_name`, `pos`) VALUES ('RACT7c9b26f3:17c2a7f2220:-6afd', 'RUL7c9b26f3:17c2a7f2220:-737c', 'rptis.landtax.actions.CalcInterest', 'calc-interest', '0');
REPLACE INTO `sys_rule_action` (`objid`, `parentid`, `actiondef_objid`, `actiondef_name`, `pos`) VALUES ('RACTec9d7ab:166235c2e16:-249a', 'RULec9d7ab:166235c2e16:-255e', 'rptis.landtax.actions.AddBillItem', 'add-billitem', '0');
REPLACE INTO `sys_rule_action` (`objid`, `parentid`, `actiondef_objid`, `actiondef_name`, `pos`) VALUES ('RACTec9d7ab:166235c2e16:-2e2e', 'RULec9d7ab:166235c2e16:-2f1f', 'rptis.landtax.actions.SetBillExpiryDate', 'set-bill-expiry', '0');
REPLACE INTO `sys_rule_action` (`objid`, `parentid`, `actiondef_objid`, `actiondef_name`, `pos`) VALUES ('RACTec9d7ab:166235c2e16:-35b3', 'RULec9d7ab:166235c2e16:-3811', 'rptis.landtax.actions.SplitLedgerItem', 'split-bill-item', '0');

REPLACE INTO `sys_rule_actiondef` (`objid`, `name`, `title`, `sortorder`, `actionname`, `domain`, `actionclass`) VALUES ('rptis.landtax.actions.AddBasic', 'add-basic', 'Add Basic Entry', '1', 'add-basic', 'landtax', 'rptis.landtax.actions.AddBasic');
REPLACE INTO `sys_rule_actiondef` (`objid`, `name`, `title`, `sortorder`, `actionname`, `domain`, `actionclass`) VALUES ('rptis.landtax.actions.AddBillItem', 'add-billitem', 'Add Bill Item', '25', 'add-billitem', 'landtax', 'rptis.landtax.actions.AddBillItem');
REPLACE INTO `sys_rule_actiondef` (`objid`, `name`, `title`, `sortorder`, `actionname`, `domain`, `actionclass`) VALUES ('rptis.landtax.actions.AddFireCode', 'add-firecode', 'Add Fire Code', '10', 'add-firecode', 'landtax', 'rptis.landtax.actions.AddFireCode');
REPLACE INTO `sys_rule_actiondef` (`objid`, `name`, `title`, `sortorder`, `actionname`, `domain`, `actionclass`) VALUES ('rptis.landtax.actions.AddIdleLand', 'add-basicidle', 'Add Idle Land Entry', '6', 'add-basicidle', 'landtax', 'rptis.landtax.actions.AddIdleLand');
REPLACE INTO `sys_rule_actiondef` (`objid`, `name`, `title`, `sortorder`, `actionname`, `domain`, `actionclass`) VALUES ('rptis.landtax.actions.AddSef', 'add-sef', 'Add SEF Entry', '5', 'add-sef', 'landtax', 'rptis.landtax.actions.AddSef');
REPLACE INTO `sys_rule_actiondef` (`objid`, `name`, `title`, `sortorder`, `actionname`, `domain`, `actionclass`) VALUES ('rptis.landtax.actions.AddShare', 'add-share', 'Add Revenue Share', '28', 'add-share', 'landtax', 'rptis.landtax.actions.AddShare');
REPLACE INTO `sys_rule_actiondef` (`objid`, `name`, `title`, `sortorder`, `actionname`, `domain`, `actionclass`) VALUES ('rptis.landtax.actions.AddSocialHousing', 'add-sh', 'Add Social Housing Entry', '8', 'add-sh', 'landtax', 'rptis.landtax.actions.AddSocialHousing');
REPLACE INTO `sys_rule_actiondef` (`objid`, `name`, `title`, `sortorder`, `actionname`, `domain`, `actionclass`) VALUES ('rptis.landtax.actions.AggregateLedgerItem', 'aggregate-bill-item', 'Aggregate Ledger Items', '12', 'aggregate-bill-item', 'landtax', 'rptis.landtax.actions.AggregateLedgerItem');
REPLACE INTO `sys_rule_actiondef` (`objid`, `name`, `title`, `sortorder`, `actionname`, `domain`, `actionclass`) VALUES ('rptis.landtax.actions.CalcDiscount', 'calc-discount', 'Calculate Discount', '6', 'calc-discount', 'landtax', 'rptis.landtax.actions.CalcDiscount');
REPLACE INTO `sys_rule_actiondef` (`objid`, `name`, `title`, `sortorder`, `actionname`, `domain`, `actionclass`) VALUES ('rptis.landtax.actions.CalcInterest', 'calc-interest', 'Calculate Interest', '5', 'calc-interest', 'landtax', 'rptis.landtax.actions.CalcInterest');
REPLACE INTO `sys_rule_actiondef` (`objid`, `name`, `title`, `sortorder`, `actionname`, `domain`, `actionclass`) VALUES ('rptis.landtax.actions.CalcTax', 'calc-tax', 'Calculate Tax', '1001', 'calc-tax', 'landtax', 'rptis.landtax.actions.CalcTax');
REPLACE INTO `sys_rule_actiondef` (`objid`, `name`, `title`, `sortorder`, `actionname`, `domain`, `actionclass`) VALUES ('rptis.landtax.actions.CreateTaxSummary', 'create-tax-summary', 'Create Tax Summary', '20', 'create-tax-summary', 'landtax', 'rptis.landtax.actions.CreateTaxSummary');
REPLACE INTO `sys_rule_actiondef` (`objid`, `name`, `title`, `sortorder`, `actionname`, `domain`, `actionclass`) VALUES ('rptis.landtax.actions.RemoveLedgerItem', 'remove-bill-item', 'Remove Ledger Item', '11', 'remove-bill-item', 'landtax', 'rptis.landtax.actions.RemoveLedgerItem');
REPLACE INTO `sys_rule_actiondef` (`objid`, `name`, `title`, `sortorder`, `actionname`, `domain`, `actionclass`) VALUES ('rptis.landtax.actions.SetBillExpiryDate', 'set-bill-expiry', 'Set Bill Expiry Date', '20', 'set-bill-expiry', 'landtax', 'rptis.landtax.actions.SetBillExpiryDate');
REPLACE INTO `sys_rule_actiondef` (`objid`, `name`, `title`, `sortorder`, `actionname`, `domain`, `actionclass`) VALUES ('rptis.landtax.actions.SplitByQtr', 'split-by-qtr', 'Split By Quarter', '0', 'split-by-qtr', 'LANDTAX', 'rptis.landtax.actions.SplitByQtr');
REPLACE INTO `sys_rule_actiondef` (`objid`, `name`, `title`, `sortorder`, `actionname`, `domain`, `actionclass`) VALUES ('rptis.landtax.actions.SplitLedgerItem', 'split-bill-item', 'Split Ledger Item', '10', 'split-bill-item', 'landtax', 'rptis.landtax.actions.SplitLedgerItem');
REPLACE INTO `sys_rule_actiondef` (`objid`, `name`, `title`, `sortorder`, `actionname`, `domain`, `actionclass`) VALUES ('rptis.landtax.actions.UpdateAV', 'update-av', 'Update AV', '1000', 'update-av', 'LANDTAX', 'rptis.landtax.actions.UpdateAV');

REPLACE INTO `sys_rule_actiondef_param` (`objid`, `parentid`, `name`, `sortorder`, `title`, `datatype`, `handler`, `lookuphandler`, `lookupkey`, `lookupvalue`, `vardatatype`, `lovname`) VALUES ('rptis.landtax.actions.AddBasic.av', 'rptis.landtax.actions.AddBasic', 'av', '3', 'AV', NULL, 'expression', NULL, NULL, NULL, NULL, NULL);
REPLACE INTO `sys_rule_actiondef_param` (`objid`, `parentid`, `name`, `sortorder`, `title`, `datatype`, `handler`, `lookuphandler`, `lookupkey`, `lookupvalue`, `vardatatype`, `lovname`) VALUES ('rptis.landtax.actions.AddBasic.avfact', 'rptis.landtax.actions.AddBasic', 'avfact', '1', 'AV Info', NULL, 'var', NULL, NULL, NULL, 'rptis.landtax.facts.AssessedValue', NULL);
REPLACE INTO `sys_rule_actiondef_param` (`objid`, `parentid`, `name`, `sortorder`, `title`, `datatype`, `handler`, `lookuphandler`, `lookupkey`, `lookupvalue`, `vardatatype`, `lovname`) VALUES ('rptis.landtax.actions.AddBasic.year', 'rptis.landtax.actions.AddBasic', 'year', '2', 'Year', NULL, 'var', NULL, NULL, NULL, 'integer', NULL);
REPLACE INTO `sys_rule_actiondef_param` (`objid`, `parentid`, `name`, `sortorder`, `title`, `datatype`, `handler`, `lookuphandler`, `lookupkey`, `lookupvalue`, `vardatatype`, `lovname`) VALUES ('rptis.landtax.actions.AddBillItem.taxsummary', 'rptis.landtax.actions.AddBillItem', 'taxsummary', '1', 'Tax Summary', NULL, 'var', NULL, NULL, NULL, 'rptis.landtax.facts.RPTLedgerTaxSummaryFact', NULL);
REPLACE INTO `sys_rule_actiondef_param` (`objid`, `parentid`, `name`, `sortorder`, `title`, `datatype`, `handler`, `lookuphandler`, `lookupkey`, `lookupvalue`, `vardatatype`, `lovname`) VALUES ('rptis.landtax.actions.AddFireCode.av', 'rptis.landtax.actions.AddFireCode', 'av', '3', 'AV', NULL, 'expression', NULL, NULL, NULL, NULL, NULL);
REPLACE INTO `sys_rule_actiondef_param` (`objid`, `parentid`, `name`, `sortorder`, `title`, `datatype`, `handler`, `lookuphandler`, `lookupkey`, `lookupvalue`, `vardatatype`, `lovname`) VALUES ('rptis.landtax.actions.AddFireCode.avfact', 'rptis.landtax.actions.AddFireCode', 'avfact', '1', 'AV Info', NULL, 'var', NULL, NULL, NULL, 'rptis.landtax.facts.AssessedValue', NULL);
REPLACE INTO `sys_rule_actiondef_param` (`objid`, `parentid`, `name`, `sortorder`, `title`, `datatype`, `handler`, `lookuphandler`, `lookupkey`, `lookupvalue`, `vardatatype`, `lovname`) VALUES ('rptis.landtax.actions.AddFireCode.year', 'rptis.landtax.actions.AddFireCode', 'year', '2', 'Year', NULL, 'var', NULL, NULL, NULL, 'integer', NULL);
REPLACE INTO `sys_rule_actiondef_param` (`objid`, `parentid`, `name`, `sortorder`, `title`, `datatype`, `handler`, `lookuphandler`, `lookupkey`, `lookupvalue`, `vardatatype`, `lovname`) VALUES ('rptis.landtax.actions.AddIdleLand.av', 'rptis.landtax.actions.AddIdleLand', 'av', '3', 'AV', NULL, 'expression', NULL, NULL, NULL, NULL, NULL);
REPLACE INTO `sys_rule_actiondef_param` (`objid`, `parentid`, `name`, `sortorder`, `title`, `datatype`, `handler`, `lookuphandler`, `lookupkey`, `lookupvalue`, `vardatatype`, `lovname`) VALUES ('rptis.landtax.actions.AddIdleLand.avfact', 'rptis.landtax.actions.AddIdleLand', 'avfact', '1', 'AV Info', NULL, 'var', NULL, NULL, NULL, 'rptis.landtax.facts.AssessedValue', NULL);
REPLACE INTO `sys_rule_actiondef_param` (`objid`, `parentid`, `name`, `sortorder`, `title`, `datatype`, `handler`, `lookuphandler`, `lookupkey`, `lookupvalue`, `vardatatype`, `lovname`) VALUES ('rptis.landtax.actions.AddIdleLand.year', 'rptis.landtax.actions.AddIdleLand', 'year', '2', 'Year', NULL, 'var', NULL, NULL, NULL, NULL, NULL);
REPLACE INTO `sys_rule_actiondef_param` (`objid`, `parentid`, `name`, `sortorder`, `title`, `datatype`, `handler`, `lookuphandler`, `lookupkey`, `lookupvalue`, `vardatatype`, `lovname`) VALUES ('rptis.landtax.actions.AddSef.av', 'rptis.landtax.actions.AddSef', 'av', '3', 'AV', NULL, 'expression', NULL, NULL, NULL, NULL, NULL);
REPLACE INTO `sys_rule_actiondef_param` (`objid`, `parentid`, `name`, `sortorder`, `title`, `datatype`, `handler`, `lookuphandler`, `lookupkey`, `lookupvalue`, `vardatatype`, `lovname`) VALUES ('rptis.landtax.actions.AddSef.avfact', 'rptis.landtax.actions.AddSef', 'avfact', '1', 'AV Info', NULL, 'var', NULL, NULL, NULL, 'rptis.landtax.facts.AssessedValue', NULL);
REPLACE INTO `sys_rule_actiondef_param` (`objid`, `parentid`, `name`, `sortorder`, `title`, `datatype`, `handler`, `lookuphandler`, `lookupkey`, `lookupvalue`, `vardatatype`, `lovname`) VALUES ('rptis.landtax.actions.AddSef.year', 'rptis.landtax.actions.AddSef', 'year', '2', 'Year', NULL, 'var', NULL, NULL, NULL, 'integer', NULL);
REPLACE INTO `sys_rule_actiondef_param` (`objid`, `parentid`, `name`, `sortorder`, `title`, `datatype`, `handler`, `lookuphandler`, `lookupkey`, `lookupvalue`, `vardatatype`, `lovname`) VALUES ('rptis.landtax.actions.AddShare.amtdue', 'rptis.landtax.actions.AddShare', 'amtdue', '5', 'Amount Due', NULL, 'expression', NULL, NULL, NULL, NULL, NULL);
REPLACE INTO `sys_rule_actiondef_param` (`objid`, `parentid`, `name`, `sortorder`, `title`, `datatype`, `handler`, `lookuphandler`, `lookupkey`, `lookupvalue`, `vardatatype`, `lovname`) VALUES ('rptis.landtax.actions.AddShare.billitem', 'rptis.landtax.actions.AddShare', 'billitem', '1', 'Bill Item', NULL, 'var', NULL, NULL, NULL, 'rptis.landtax.facts.RPTBillItem', NULL);
REPLACE INTO `sys_rule_actiondef_param` (`objid`, `parentid`, `name`, `sortorder`, `title`, `datatype`, `handler`, `lookuphandler`, `lookupkey`, `lookupvalue`, `vardatatype`, `lovname`) VALUES ('rptis.landtax.actions.AddShare.orgclass', 'rptis.landtax.actions.AddShare', 'orgclass', '2', 'Share Type', NULL, 'lov', NULL, NULL, NULL, NULL, 'RPT_BILLING_LGU_TYPES');
REPLACE INTO `sys_rule_actiondef_param` (`objid`, `parentid`, `name`, `sortorder`, `title`, `datatype`, `handler`, `lookuphandler`, `lookupkey`, `lookupvalue`, `vardatatype`, `lovname`) VALUES ('rptis.landtax.actions.AddShare.orgid', 'rptis.landtax.actions.AddShare', 'orgid', '3', 'Org', NULL, 'var', 'org:lookup', 'objid', 'name', 'String', NULL);
REPLACE INTO `sys_rule_actiondef_param` (`objid`, `parentid`, `name`, `sortorder`, `title`, `datatype`, `handler`, `lookuphandler`, `lookupkey`, `lookupvalue`, `vardatatype`, `lovname`) VALUES ('rptis.landtax.actions.AddShare.payableparentacct', 'rptis.landtax.actions.AddShare', 'payableparentacct', '4', 'Payable Account', NULL, 'lookup', 'revenueitem:lookup', 'objid', 'title', NULL, NULL);
REPLACE INTO `sys_rule_actiondef_param` (`objid`, `parentid`, `name`, `sortorder`, `title`, `datatype`, `handler`, `lookuphandler`, `lookupkey`, `lookupvalue`, `vardatatype`, `lovname`) VALUES ('rptis.landtax.actions.AddShare.rate', 'rptis.landtax.actions.AddShare', 'rate', '6', 'Share (decimal)', NULL, 'expression', NULL, NULL, NULL, NULL, NULL);
REPLACE INTO `sys_rule_actiondef_param` (`objid`, `parentid`, `name`, `sortorder`, `title`, `datatype`, `handler`, `lookuphandler`, `lookupkey`, `lookupvalue`, `vardatatype`, `lovname`) VALUES ('rptis.landtax.actions.AddSocialHousing.av', 'rptis.landtax.actions.AddSocialHousing', 'av', '3', 'AV', NULL, 'expression', NULL, NULL, NULL, NULL, NULL);
REPLACE INTO `sys_rule_actiondef_param` (`objid`, `parentid`, `name`, `sortorder`, `title`, `datatype`, `handler`, `lookuphandler`, `lookupkey`, `lookupvalue`, `vardatatype`, `lovname`) VALUES ('rptis.landtax.actions.AddSocialHousing.avfact', 'rptis.landtax.actions.AddSocialHousing', 'avfact', '1', 'AV Info', NULL, 'var', NULL, NULL, NULL, 'rptis.landtax.facts.AssessedValue', NULL);
REPLACE INTO `sys_rule_actiondef_param` (`objid`, `parentid`, `name`, `sortorder`, `title`, `datatype`, `handler`, `lookuphandler`, `lookupkey`, `lookupvalue`, `vardatatype`, `lovname`) VALUES ('rptis.landtax.actions.AddSocialHousing.year', 'rptis.landtax.actions.AddSocialHousing', 'year', '2', 'Year', NULL, 'var', NULL, NULL, NULL, NULL, NULL);
REPLACE INTO `sys_rule_actiondef_param` (`objid`, `parentid`, `name`, `sortorder`, `title`, `datatype`, `handler`, `lookuphandler`, `lookupkey`, `lookupvalue`, `vardatatype`, `lovname`) VALUES ('rptis.landtax.actions.AggregateLedgerItem.rptledge', 'rptis.landtax.actions.AggregateLedgerItem', 'rptledgeritem', '1', 'Ledger Item', NULL, 'var', NULL, NULL, NULL, 'rptis.landtax.facts.RPTLedgerItemFact', NULL);
REPLACE INTO `sys_rule_actiondef_param` (`objid`, `parentid`, `name`, `sortorder`, `title`, `datatype`, `handler`, `lookuphandler`, `lookupkey`, `lookupvalue`, `vardatatype`, `lovname`) VALUES ('rptis.landtax.actions.CalcDiscount.expr', 'rptis.landtax.actions.CalcDiscount', 'expr', '2', 'Computation', NULL, 'expression', NULL, NULL, NULL, NULL, NULL);
REPLACE INTO `sys_rule_actiondef_param` (`objid`, `parentid`, `name`, `sortorder`, `title`, `datatype`, `handler`, `lookuphandler`, `lookupkey`, `lookupvalue`, `vardatatype`, `lovname`) VALUES ('rptis.landtax.actions.CalcDiscount.rptledgeritem', 'rptis.landtax.actions.CalcDiscount', 'rptledgeritem', '1', 'Ledger Item', NULL, 'var', NULL, NULL, NULL, 'rptis.landtax.facts.RPTLedgerItemFact', NULL);
REPLACE INTO `sys_rule_actiondef_param` (`objid`, `parentid`, `name`, `sortorder`, `title`, `datatype`, `handler`, `lookuphandler`, `lookupkey`, `lookupvalue`, `vardatatype`, `lovname`) VALUES ('rptis.landtax.actions.CalcInterest.expr', 'rptis.landtax.actions.CalcInterest', 'expr', '2', 'Computation', NULL, 'expression', NULL, NULL, NULL, NULL, NULL);
REPLACE INTO `sys_rule_actiondef_param` (`objid`, `parentid`, `name`, `sortorder`, `title`, `datatype`, `handler`, `lookuphandler`, `lookupkey`, `lookupvalue`, `vardatatype`, `lovname`) VALUES ('rptis.landtax.actions.CalcInterest.rptledgeritem', 'rptis.landtax.actions.CalcInterest', 'rptledgeritem', '1', 'Ledger Item', NULL, 'var', NULL, NULL, NULL, 'rptis.landtax.facts.RPTLedgerItemFact', NULL);
REPLACE INTO `sys_rule_actiondef_param` (`objid`, `parentid`, `name`, `sortorder`, `title`, `datatype`, `handler`, `lookuphandler`, `lookupkey`, `lookupvalue`, `vardatatype`, `lovname`) VALUES ('rptis.landtax.actions.CalcTax.expr', 'rptis.landtax.actions.CalcTax', 'expr', '2', 'Computation', NULL, 'expression', NULL, NULL, NULL, NULL, NULL);
REPLACE INTO `sys_rule_actiondef_param` (`objid`, `parentid`, `name`, `sortorder`, `title`, `datatype`, `handler`, `lookuphandler`, `lookupkey`, `lookupvalue`, `vardatatype`, `lovname`) VALUES ('rptis.landtax.actions.CalcTax.rptledgeritem', 'rptis.landtax.actions.CalcTax', 'rptledgeritem', '1', 'Ledger Item', NULL, 'var', NULL, NULL, NULL, 'rptis.landtax.facts.RPTLedgerItemFact', NULL);
REPLACE INTO `sys_rule_actiondef_param` (`objid`, `parentid`, `name`, `sortorder`, `title`, `datatype`, `handler`, `lookuphandler`, `lookupkey`, `lookupvalue`, `vardatatype`, `lovname`) VALUES ('rptis.landtax.actions.CreateTaxSummary.revperiod', 'rptis.landtax.actions.CreateTaxSummary', 'revperiod', '2', 'Revenue Period', NULL, 'lov', NULL, NULL, NULL, NULL, 'RPT_REVENUE_PERIODS');
REPLACE INTO `sys_rule_actiondef_param` (`objid`, `parentid`, `name`, `sortorder`, `title`, `datatype`, `handler`, `lookuphandler`, `lookupkey`, `lookupvalue`, `vardatatype`, `lovname`) VALUES ('rptis.landtax.actions.CreateTaxSummary.rptledgerit', 'rptis.landtax.actions.CreateTaxSummary', 'rptledgeritem', '1', 'RPT Ledger Item', '', 'var', '', '', '', 'rptis.landtax.facts.RPTLedgerItemFact', '');
REPLACE INTO `sys_rule_actiondef_param` (`objid`, `parentid`, `name`, `sortorder`, `title`, `datatype`, `handler`, `lookuphandler`, `lookupkey`, `lookupvalue`, `vardatatype`, `lovname`) VALUES ('rptis.landtax.actions.CreateTaxSummary.var', 'rptis.landtax.actions.CreateTaxSummary', 'var', '3', 'Variable Name', NULL, 'lookup', 'rptparameter:lookup', 'name', 'name', NULL, '');
REPLACE INTO `sys_rule_actiondef_param` (`objid`, `parentid`, `name`, `sortorder`, `title`, `datatype`, `handler`, `lookuphandler`, `lookupkey`, `lookupvalue`, `vardatatype`, `lovname`) VALUES ('rptis.landtax.actions.RemoveLedgerItem.rptledgerit', 'rptis.landtax.actions.RemoveLedgerItem', 'rptledgeritem', '1', 'Ledger Item', NULL, 'var', NULL, NULL, NULL, 'rptis.landtax.facts.RPTLedgerItemFact', NULL);
REPLACE INTO `sys_rule_actiondef_param` (`objid`, `parentid`, `name`, `sortorder`, `title`, `datatype`, `handler`, `lookuphandler`, `lookupkey`, `lookupvalue`, `vardatatype`, `lovname`) VALUES ('rptis.landtax.actions.SetBillExpiryDate.bill', 'rptis.landtax.actions.SetBillExpiryDate', 'bill', '1', 'Bill', NULL, 'var', NULL, NULL, NULL, 'rptis.landtax.facts.Bill', NULL);
REPLACE INTO `sys_rule_actiondef_param` (`objid`, `parentid`, `name`, `sortorder`, `title`, `datatype`, `handler`, `lookuphandler`, `lookupkey`, `lookupvalue`, `vardatatype`, `lovname`) VALUES ('rptis.landtax.actions.SetBillExpiryDate.expr', 'rptis.landtax.actions.SetBillExpiryDate', 'expr', '2', 'Expiry Date', NULL, 'expression', NULL, NULL, NULL, NULL, NULL);
REPLACE INTO `sys_rule_actiondef_param` (`objid`, `parentid`, `name`, `sortorder`, `title`, `datatype`, `handler`, `lookuphandler`, `lookupkey`, `lookupvalue`, `vardatatype`, `lovname`) VALUES ('rptis.landtax.actions.SplitByQtr.rptledgeritem', 'rptis.landtax.actions.SplitByQtr', 'rptledgeritem', '1', 'Ledger Item', NULL, 'var', NULL, NULL, NULL, 'rptis.landtax.facts.RPTLedgerItemFact', NULL);
REPLACE INTO `sys_rule_actiondef_param` (`objid`, `parentid`, `name`, `sortorder`, `title`, `datatype`, `handler`, `lookuphandler`, `lookupkey`, `lookupvalue`, `vardatatype`, `lovname`) VALUES ('rptis.landtax.actions.SplitLedgerItem.rptledgerite', 'rptis.landtax.actions.SplitLedgerItem', 'rptledgeritem', '1', 'Ledger Item', NULL, 'var', NULL, NULL, NULL, 'rptis.landtax.facts.RPTLedgerItemFact', NULL);
REPLACE INTO `sys_rule_actiondef_param` (`objid`, `parentid`, `name`, `sortorder`, `title`, `datatype`, `handler`, `lookuphandler`, `lookupkey`, `lookupvalue`, `vardatatype`, `lovname`) VALUES ('rptis.landtax.actions.UpdateAV.avfact', 'rptis.landtax.actions.UpdateAV', 'avfact', '1', 'Assessed Value', NULL, 'var', NULL, NULL, NULL, 'rptis.landtax.facts.AssessedValue', NULL);
REPLACE INTO `sys_rule_actiondef_param` (`objid`, `parentid`, `name`, `sortorder`, `title`, `datatype`, `handler`, `lookuphandler`, `lookupkey`, `lookupvalue`, `vardatatype`, `lovname`) VALUES ('rptis.landtax.actions.UpdateAV.expr', 'rptis.landtax.actions.UpdateAV', 'expr', '2', 'Computation', NULL, 'expression', NULL, NULL, NULL, NULL, NULL);

REPLACE INTO `sys_rule_action_param` (`objid`, `parentid`, `actiondefparam_objid`, `stringvalue`, `booleanvalue`, `var_objid`, `var_name`, `expr`, `exprtype`, `pos`, `obj_key`, `obj_value`, `listvalue`, `lov`, `rangeoption`) VALUES ('RAP-17442746:16be936f033:-7e80', 'RA-17442746:16be936f033:-7e82', 'rptis.landtax.actions.CalcTax.rptledgeritem', NULL, NULL, 'RC-17442746:16be936f033:-7e86', 'RLI', NULL, NULL, NULL, NULL, NULL, NULL, NULL, NULL);
REPLACE INTO `sys_rule_action_param` (`objid`, `parentid`, `actiondefparam_objid`, `stringvalue`, `booleanvalue`, `var_objid`, `var_name`, `expr`, `exprtype`, `pos`, `obj_key`, `obj_value`, `listvalue`, `lov`, `rangeoption`) VALUES ('RAP-17442746:16be936f033:-7e81', 'RA-17442746:16be936f033:-7e82', 'rptis.landtax.actions.CalcTax.expr', NULL, NULL, NULL, NULL, 'AV * 0.01', 'expression', NULL, NULL, NULL, NULL, NULL, NULL);
REPLACE INTO `sys_rule_action_param` (`objid`, `parentid`, `actiondefparam_objid`, `stringvalue`, `booleanvalue`, `var_objid`, `var_name`, `expr`, `exprtype`, `pos`, `obj_key`, `obj_value`, `listvalue`, `lov`, `rangeoption`) VALUES ('RAP-43a97d40:17b4cb60c0d:-7ec0', 'RA-43a97d40:17b4cb60c0d:-7ec1', 'rptis.landtax.actions.SplitByQtr.rptledgeritem', NULL, NULL, 'RC-43a97d40:17b4cb60c0d:-7ec3', 'RLI', NULL, NULL, NULL, NULL, NULL, NULL, NULL, NULL);
REPLACE INTO `sys_rule_action_param` (`objid`, `parentid`, `actiondefparam_objid`, `stringvalue`, `booleanvalue`, `var_objid`, `var_name`, `expr`, `exprtype`, `pos`, `obj_key`, `obj_value`, `listvalue`, `lov`, `rangeoption`) VALUES ('RAP-43a97d40:17b4cb60c0d:-7fb7', 'RA-43a97d40:17b4cb60c0d:-7fb9', 'rptis.landtax.actions.CalcInterest.rptledgeritem', NULL, NULL, 'RC-43a97d40:17b4cb60c0d:-7fbf', 'RLI', NULL, NULL, NULL, NULL, NULL, NULL, NULL, NULL);
REPLACE INTO `sys_rule_action_param` (`objid`, `parentid`, `actiondefparam_objid`, `stringvalue`, `booleanvalue`, `var_objid`, `var_name`, `expr`, `exprtype`, `pos`, `obj_key`, `obj_value`, `listvalue`, `lov`, `rangeoption`) VALUES ('RAP-43a97d40:17b4cb60c0d:-7fb8', 'RA-43a97d40:17b4cb60c0d:-7fb9', 'rptis.landtax.actions.CalcInterest.expr', NULL, NULL, NULL, NULL, '@IIF(  NMON * 0.02 > 0.72,  TAX * 0.72 , NMON * 0.02 * TAX  )', 'expression', NULL, NULL, NULL, NULL, NULL, NULL);
REPLACE INTO `sys_rule_action_param` (`objid`, `parentid`, `actiondefparam_objid`, `stringvalue`, `booleanvalue`, `var_objid`, `var_name`, `expr`, `exprtype`, `pos`, `obj_key`, `obj_value`, `listvalue`, `lov`, `rangeoption`) VALUES ('RAP-43a97d40:17b4cb60c0d:-7fce', 'RA-43a97d40:17b4cb60c0d:-7fd0', 'rptis.landtax.actions.CalcInterest.rptledgeritem', NULL, NULL, 'RC-43a97d40:17b4cb60c0d:-7fd6', 'RLI', NULL, NULL, NULL, NULL, NULL, NULL, NULL, NULL);
REPLACE INTO `sys_rule_action_param` (`objid`, `parentid`, `actiondefparam_objid`, `stringvalue`, `booleanvalue`, `var_objid`, `var_name`, `expr`, `exprtype`, `pos`, `obj_key`, `obj_value`, `listvalue`, `lov`, `rangeoption`) VALUES ('RAP-43a97d40:17b4cb60c0d:-7fcf', 'RA-43a97d40:17b4cb60c0d:-7fd0', 'rptis.landtax.actions.CalcInterest.expr', NULL, NULL, NULL, NULL, 'TAX * 0.12', 'expression', NULL, NULL, NULL, NULL, NULL, NULL);
REPLACE INTO `sys_rule_action_param` (`objid`, `parentid`, `actiondefparam_objid`, `stringvalue`, `booleanvalue`, `var_objid`, `var_name`, `expr`, `exprtype`, `pos`, `obj_key`, `obj_value`, `listvalue`, `lov`, `rangeoption`) VALUES ('RAP1e977bb4:184b24871c8:-786d', 'RA1e977bb4:184b24871c8:-786f', 'rptis.landtax.actions.CalcDiscount.rptledgeritem', NULL, NULL, 'RC1e977bb4:184b24871c8:-7876', 'RLI', NULL, NULL, NULL, NULL, NULL, NULL, NULL, NULL);
REPLACE INTO `sys_rule_action_param` (`objid`, `parentid`, `actiondefparam_objid`, `stringvalue`, `booleanvalue`, `var_objid`, `var_name`, `expr`, `exprtype`, `pos`, `obj_key`, `obj_value`, `listvalue`, `lov`, `rangeoption`) VALUES ('RAP1e977bb4:184b24871c8:-786e', 'RA1e977bb4:184b24871c8:-786f', 'rptis.landtax.actions.CalcDiscount.expr', NULL, NULL, NULL, NULL, 'TAX * 0.10', 'expression', NULL, NULL, NULL, NULL, NULL, NULL);
REPLACE INTO `sys_rule_action_param` (`objid`, `parentid`, `actiondefparam_objid`, `stringvalue`, `booleanvalue`, `var_objid`, `var_name`, `expr`, `exprtype`, `pos`, `obj_key`, `obj_value`, `listvalue`, `lov`, `rangeoption`) VALUES ('RAP1e977bb4:184b24871c8:-7897', 'RA1e977bb4:184b24871c8:-7899', 'rptis.landtax.actions.CalcDiscount.rptledgeritem', NULL, NULL, 'RC1e977bb4:184b24871c8:-78a3', 'RLI', NULL, NULL, NULL, NULL, NULL, NULL, NULL, NULL);
REPLACE INTO `sys_rule_action_param` (`objid`, `parentid`, `actiondefparam_objid`, `stringvalue`, `booleanvalue`, `var_objid`, `var_name`, `expr`, `exprtype`, `pos`, `obj_key`, `obj_value`, `listvalue`, `lov`, `rangeoption`) VALUES ('RAP1e977bb4:184b24871c8:-7898', 'RA1e977bb4:184b24871c8:-7899', 'rptis.landtax.actions.CalcDiscount.expr', NULL, NULL, NULL, NULL, 'TAX * 0.10', 'expression', NULL, NULL, NULL, NULL, NULL, NULL);
REPLACE INTO `sys_rule_action_param` (`objid`, `parentid`, `actiondefparam_objid`, `stringvalue`, `booleanvalue`, `var_objid`, `var_name`, `expr`, `exprtype`, `pos`, `obj_key`, `obj_value`, `listvalue`, `lov`, `rangeoption`) VALUES ('RAP1e977bb4:184b24871c8:-7957', 'RA1e977bb4:184b24871c8:-7959', 'rptis.landtax.actions.CalcInterest.rptledgeritem', NULL, NULL, 'RC1e977bb4:184b24871c8:-795b', 'RLI', NULL, NULL, NULL, NULL, NULL, NULL, NULL, NULL);
REPLACE INTO `sys_rule_action_param` (`objid`, `parentid`, `actiondefparam_objid`, `stringvalue`, `booleanvalue`, `var_objid`, `var_name`, `expr`, `exprtype`, `pos`, `obj_key`, `obj_value`, `listvalue`, `lov`, `rangeoption`) VALUES ('RAP1e977bb4:184b24871c8:-7958', 'RA1e977bb4:184b24871c8:-7959', 'rptis.landtax.actions.CalcInterest.expr', NULL, NULL, NULL, NULL, '0', 'expression', NULL, NULL, NULL, NULL, NULL, NULL);
REPLACE INTO `sys_rule_action_param` (`objid`, `parentid`, `actiondefparam_objid`, `stringvalue`, `booleanvalue`, `var_objid`, `var_name`, `expr`, `exprtype`, `pos`, `obj_key`, `obj_value`, `listvalue`, `lov`, `rangeoption`) VALUES ('RAP1e977bb4:184b24871c8:-7973', 'RA1e977bb4:184b24871c8:-7975', 'rptis.landtax.actions.CalcInterest.rptledgeritem', NULL, NULL, 'RC1e977bb4:184b24871c8:-7979', 'RLI', NULL, NULL, NULL, NULL, NULL, NULL, NULL, NULL);
REPLACE INTO `sys_rule_action_param` (`objid`, `parentid`, `actiondefparam_objid`, `stringvalue`, `booleanvalue`, `var_objid`, `var_name`, `expr`, `exprtype`, `pos`, `obj_key`, `obj_value`, `listvalue`, `lov`, `rangeoption`) VALUES ('RAP1e977bb4:184b24871c8:-7974', 'RA1e977bb4:184b24871c8:-7975', 'rptis.landtax.actions.CalcInterest.expr', NULL, NULL, NULL, NULL, 'TAX * 0.24', 'expression', NULL, NULL, NULL, NULL, NULL, NULL);
REPLACE INTO `sys_rule_action_param` (`objid`, `parentid`, `actiondefparam_objid`, `stringvalue`, `booleanvalue`, `var_objid`, `var_name`, `expr`, `exprtype`, `pos`, `obj_key`, `obj_value`, `listvalue`, `lov`, `rangeoption`) VALUES ('RAP1e977bb4:184b24871c8:-79a6', 'RA1e977bb4:184b24871c8:-79a8', 'rptis.landtax.actions.CalcInterest.rptledgeritem', NULL, NULL, 'RC1e977bb4:184b24871c8:-79ac', 'RLI', NULL, NULL, NULL, NULL, NULL, NULL, NULL, NULL);
REPLACE INTO `sys_rule_action_param` (`objid`, `parentid`, `actiondefparam_objid`, `stringvalue`, `booleanvalue`, `var_objid`, `var_name`, `expr`, `exprtype`, `pos`, `obj_key`, `obj_value`, `listvalue`, `lov`, `rangeoption`) VALUES ('RAP1e977bb4:184b24871c8:-79a7', 'RA1e977bb4:184b24871c8:-79a8', 'rptis.landtax.actions.CalcInterest.expr', NULL, NULL, NULL, NULL, 'TAX * NMON * 0.02', 'expression', NULL, NULL, NULL, NULL, NULL, NULL);
REPLACE INTO `sys_rule_action_param` (`objid`, `parentid`, `actiondefparam_objid`, `stringvalue`, `booleanvalue`, `var_objid`, `var_name`, `expr`, `exprtype`, `pos`, `obj_key`, `obj_value`, `listvalue`, `lov`, `rangeoption`) VALUES ('RAP1e977bb4:184b24871c8:-7a63', 'RA1e977bb4:184b24871c8:-7a65', 'rptis.landtax.actions.CalcTax.expr', NULL, NULL, NULL, NULL, 'AV * 0.005', 'expression', NULL, NULL, NULL, NULL, NULL, NULL);
REPLACE INTO `sys_rule_action_param` (`objid`, `parentid`, `actiondefparam_objid`, `stringvalue`, `booleanvalue`, `var_objid`, `var_name`, `expr`, `exprtype`, `pos`, `obj_key`, `obj_value`, `listvalue`, `lov`, `rangeoption`) VALUES ('RAP1e977bb4:184b24871c8:-7a64', 'RA1e977bb4:184b24871c8:-7a65', 'rptis.landtax.actions.CalcTax.rptledgeritem', NULL, NULL, 'RC1e977bb4:184b24871c8:-7a68', 'RLI', NULL, NULL, NULL, NULL, NULL, NULL, NULL, NULL);
REPLACE INTO `sys_rule_action_param` (`objid`, `parentid`, `actiondefparam_objid`, `stringvalue`, `booleanvalue`, `var_objid`, `var_name`, `expr`, `exprtype`, `pos`, `obj_key`, `obj_value`, `listvalue`, `lov`, `rangeoption`) VALUES ('RAP440e47f4:166ae4152f1:-7fba', 'RA440e47f4:166ae4152f1:-7fbc', 'rptis.landtax.actions.CreateTaxSummary.rptledgerit', NULL, NULL, 'RC440e47f4:166ae4152f1:-7fc0', 'RLI', NULL, NULL, NULL, NULL, NULL, NULL, NULL, NULL);
REPLACE INTO `sys_rule_action_param` (`objid`, `parentid`, `actiondefparam_objid`, `stringvalue`, `booleanvalue`, `var_objid`, `var_name`, `expr`, `exprtype`, `pos`, `obj_key`, `obj_value`, `listvalue`, `lov`, `rangeoption`) VALUES ('RAP440e47f4:166ae4152f1:-7fbb', 'RA440e47f4:166ae4152f1:-7fbc', 'rptis.landtax.actions.CreateTaxSummary.revperiod', NULL, NULL, NULL, NULL, NULL, NULL, NULL, NULL, NULL, NULL, 'previous', NULL);
REPLACE INTO `sys_rule_action_param` (`objid`, `parentid`, `actiondefparam_objid`, `stringvalue`, `booleanvalue`, `var_objid`, `var_name`, `expr`, `exprtype`, `pos`, `obj_key`, `obj_value`, `listvalue`, `lov`, `rangeoption`) VALUES ('RAP7280357:166235c1be7:-7fa9', 'RA7280357:166235c1be7:-7fab', 'rptis.landtax.actions.CreateTaxSummary.rptledgerit', NULL, NULL, 'RC7280357:166235c1be7:-7faf', 'RLI', NULL, NULL, NULL, NULL, NULL, NULL, NULL, NULL);
REPLACE INTO `sys_rule_action_param` (`objid`, `parentid`, `actiondefparam_objid`, `stringvalue`, `booleanvalue`, `var_objid`, `var_name`, `expr`, `exprtype`, `pos`, `obj_key`, `obj_value`, `listvalue`, `lov`, `rangeoption`) VALUES ('RAP7280357:166235c1be7:-7faa', 'RA7280357:166235c1be7:-7fab', 'rptis.landtax.actions.CreateTaxSummary.revperiod', NULL, NULL, NULL, NULL, NULL, NULL, NULL, NULL, NULL, NULL, 'advance', NULL);
REPLACE INTO `sys_rule_action_param` (`objid`, `parentid`, `actiondefparam_objid`, `stringvalue`, `booleanvalue`, `var_objid`, `var_name`, `expr`, `exprtype`, `pos`, `obj_key`, `obj_value`, `listvalue`, `lov`, `rangeoption`) VALUES ('RAP7280357:166235c1be7:-7fb0', 'RA7280357:166235c1be7:-7fb2', 'rptis.landtax.actions.CreateTaxSummary.rptledgerit', NULL, NULL, 'RC7280357:166235c1be7:-7fb6', 'RLI', NULL, NULL, NULL, NULL, NULL, NULL, NULL, NULL);
REPLACE INTO `sys_rule_action_param` (`objid`, `parentid`, `actiondefparam_objid`, `stringvalue`, `booleanvalue`, `var_objid`, `var_name`, `expr`, `exprtype`, `pos`, `obj_key`, `obj_value`, `listvalue`, `lov`, `rangeoption`) VALUES ('RAP7280357:166235c1be7:-7fb1', 'RA7280357:166235c1be7:-7fb2', 'rptis.landtax.actions.CreateTaxSummary.revperiod', NULL, NULL, NULL, NULL, NULL, NULL, NULL, NULL, NULL, NULL, 'current', NULL);
REPLACE INTO `sys_rule_action_param` (`objid`, `parentid`, `actiondefparam_objid`, `stringvalue`, `booleanvalue`, `var_objid`, `var_name`, `expr`, `exprtype`, `pos`, `obj_key`, `obj_value`, `listvalue`, `lov`, `rangeoption`) VALUES ('RAP7280357:166235c1be7:-7fb7', 'RA7280357:166235c1be7:-7fb9', 'rptis.landtax.actions.SetBillExpiryDate.bill', NULL, NULL, 'RC7280357:166235c1be7:-7fc0', 'BILL', NULL, NULL, NULL, NULL, NULL, NULL, NULL, NULL);
REPLACE INTO `sys_rule_action_param` (`objid`, `parentid`, `actiondefparam_objid`, `stringvalue`, `booleanvalue`, `var_objid`, `var_name`, `expr`, `exprtype`, `pos`, `obj_key`, `obj_value`, `listvalue`, `lov`, `rangeoption`) VALUES ('RAP7280357:166235c1be7:-7fb8', 'RA7280357:166235c1be7:-7fb9', 'rptis.landtax.actions.SetBillExpiryDate.expr', NULL, NULL, NULL, NULL, '@MONTHEND(@DATE(CY, 12, 1));', 'expression', NULL, NULL, NULL, NULL, NULL, NULL);
REPLACE INTO `sys_rule_action_param` (`objid`, `parentid`, `actiondefparam_objid`, `stringvalue`, `booleanvalue`, `var_objid`, `var_name`, `expr`, `exprtype`, `pos`, `obj_key`, `obj_value`, `listvalue`, `lov`, `rangeoption`) VALUES ('RULACT-1a2d6e9b:1692d429304:-7607', 'RACT-1a2d6e9b:1692d429304:-7649', 'rptis.landtax.actions.AddSef.av', NULL, NULL, NULL, NULL, 'AV', 'expression', NULL, NULL, NULL, NULL, NULL, NULL);
REPLACE INTO `sys_rule_action_param` (`objid`, `parentid`, `actiondefparam_objid`, `stringvalue`, `booleanvalue`, `var_objid`, `var_name`, `expr`, `exprtype`, `pos`, `obj_key`, `obj_value`, `listvalue`, `lov`, `rangeoption`) VALUES ('RULACT-1a2d6e9b:1692d429304:-7622', 'RACT-1a2d6e9b:1692d429304:-7649', 'rptis.landtax.actions.AddSef.year', NULL, NULL, 'RCONST-1a2d6e9b:1692d429304:-7747', 'YR', NULL, NULL, NULL, NULL, NULL, NULL, NULL, NULL);
REPLACE INTO `sys_rule_action_param` (`objid`, `parentid`, `actiondefparam_objid`, `stringvalue`, `booleanvalue`, `var_objid`, `var_name`, `expr`, `exprtype`, `pos`, `obj_key`, `obj_value`, `listvalue`, `lov`, `rangeoption`) VALUES ('RULACT-1a2d6e9b:1692d429304:-7639', 'RACT-1a2d6e9b:1692d429304:-7649', 'rptis.landtax.actions.AddSef.avfact', NULL, NULL, 'RCOND-1a2d6e9b:1692d429304:-7748', 'AVINFO', NULL, NULL, NULL, NULL, NULL, NULL, NULL, NULL);
REPLACE INTO `sys_rule_action_param` (`objid`, `parentid`, `actiondefparam_objid`, `stringvalue`, `booleanvalue`, `var_objid`, `var_name`, `expr`, `exprtype`, `pos`, `obj_key`, `obj_value`, `listvalue`, `lov`, `rangeoption`) VALUES ('RULACT-1a2d6e9b:1692d429304:-76bc', 'RACT-1a2d6e9b:1692d429304:-7700', 'rptis.landtax.actions.AddBasic.av', NULL, NULL, NULL, NULL, 'AV', 'expression', NULL, NULL, NULL, NULL, NULL, NULL);
REPLACE INTO `sys_rule_action_param` (`objid`, `parentid`, `actiondefparam_objid`, `stringvalue`, `booleanvalue`, `var_objid`, `var_name`, `expr`, `exprtype`, `pos`, `obj_key`, `obj_value`, `listvalue`, `lov`, `rangeoption`) VALUES ('RULACT-1a2d6e9b:1692d429304:-76d7', 'RACT-1a2d6e9b:1692d429304:-7700', 'rptis.landtax.actions.AddBasic.year', NULL, NULL, 'RCONST-1a2d6e9b:1692d429304:-7747', 'YR', NULL, NULL, NULL, NULL, NULL, NULL, NULL, NULL);
REPLACE INTO `sys_rule_action_param` (`objid`, `parentid`, `actiondefparam_objid`, `stringvalue`, `booleanvalue`, `var_objid`, `var_name`, `expr`, `exprtype`, `pos`, `obj_key`, `obj_value`, `listvalue`, `lov`, `rangeoption`) VALUES ('RULACT-1a2d6e9b:1692d429304:-76ef', 'RACT-1a2d6e9b:1692d429304:-7700', 'rptis.landtax.actions.AddBasic.avfact', NULL, NULL, 'RCOND-1a2d6e9b:1692d429304:-7748', 'AVINFO', NULL, NULL, NULL, NULL, NULL, NULL, NULL, NULL);
REPLACE INTO `sys_rule_action_param` (`objid`, `parentid`, `actiondefparam_objid`, `stringvalue`, `booleanvalue`, `var_objid`, `var_name`, `expr`, `exprtype`, `pos`, `obj_key`, `obj_value`, `listvalue`, `lov`, `rangeoption`) VALUES ('RULACT-2ede6703:16642adb9ce:-7926', 'RACT-2ede6703:16642adb9ce:-794c', 'rptis.landtax.actions.SetBillExpiryDate.expr', NULL, NULL, NULL, NULL, '@MONTHEND( BILLDATE )', 'expression', NULL, NULL, NULL, NULL, NULL, NULL);
REPLACE INTO `sys_rule_action_param` (`objid`, `parentid`, `actiondefparam_objid`, `stringvalue`, `booleanvalue`, `var_objid`, `var_name`, `expr`, `exprtype`, `pos`, `obj_key`, `obj_value`, `listvalue`, `lov`, `rangeoption`) VALUES ('RULACT-2ede6703:16642adb9ce:-793c', 'RACT-2ede6703:16642adb9ce:-794c', 'rptis.landtax.actions.SetBillExpiryDate.bill', NULL, NULL, 'RCOND-2ede6703:16642adb9ce:-7a39', 'BILL', NULL, NULL, NULL, NULL, NULL, NULL, NULL, NULL);
REPLACE INTO `sys_rule_action_param` (`objid`, `parentid`, `actiondefparam_objid`, `stringvalue`, `booleanvalue`, `var_objid`, `var_name`, `expr`, `exprtype`, `pos`, `obj_key`, `obj_value`, `listvalue`, `lov`, `rangeoption`) VALUES ('RULACT3073752b:184b21f9c7c:-5c51', 'RACT3073752b:184b21f9c7c:-5c77', 'rptis.landtax.actions.CalcInterest.expr', NULL, NULL, NULL, NULL, '0', 'expression', NULL, NULL, NULL, NULL, NULL, NULL);
REPLACE INTO `sys_rule_action_param` (`objid`, `parentid`, `actiondefparam_objid`, `stringvalue`, `booleanvalue`, `var_objid`, `var_name`, `expr`, `exprtype`, `pos`, `obj_key`, `obj_value`, `listvalue`, `lov`, `rangeoption`) VALUES ('RULACT3073752b:184b21f9c7c:-5c67', 'RACT3073752b:184b21f9c7c:-5c77', 'rptis.landtax.actions.CalcInterest.rptledgeritem', NULL, NULL, 'RCOND3073752b:184b21f9c7c:-5e81', 'RLI', NULL, NULL, NULL, NULL, NULL, NULL, NULL, NULL);
REPLACE INTO `sys_rule_action_param` (`objid`, `parentid`, `actiondefparam_objid`, `stringvalue`, `booleanvalue`, `var_objid`, `var_name`, `expr`, `exprtype`, `pos`, `obj_key`, `obj_value`, `listvalue`, `lov`, `rangeoption`) VALUES ('RULACT3073752b:184b21f9c7c:-6119', 'RACT3073752b:184b21f9c7c:-613f', 'rptis.landtax.actions.CalcInterest.expr', NULL, NULL, NULL, NULL, '0', 'expression', NULL, NULL, NULL, NULL, NULL, NULL);
REPLACE INTO `sys_rule_action_param` (`objid`, `parentid`, `actiondefparam_objid`, `stringvalue`, `booleanvalue`, `var_objid`, `var_name`, `expr`, `exprtype`, `pos`, `obj_key`, `obj_value`, `listvalue`, `lov`, `rangeoption`) VALUES ('RULACT3073752b:184b21f9c7c:-612f', 'RACT3073752b:184b21f9c7c:-613f', 'rptis.landtax.actions.CalcInterest.rptledgeritem', NULL, NULL, 'RCOND3073752b:184b21f9c7c:-6290', 'RLI', NULL, NULL, NULL, NULL, NULL, NULL, NULL, NULL);
REPLACE INTO `sys_rule_action_param` (`objid`, `parentid`, `actiondefparam_objid`, `stringvalue`, `booleanvalue`, `var_objid`, `var_name`, `expr`, `exprtype`, `pos`, `obj_key`, `obj_value`, `listvalue`, `lov`, `rangeoption`) VALUES ('RULACT5ffbdc02:166e7b2c367:-6203', 'RACT5ffbdc02:166e7b2c367:-6229', 'rptis.landtax.actions.CalcInterest.expr', NULL, NULL, NULL, NULL, 'TAX * NMON * 0.02', 'expression', NULL, NULL, NULL, NULL, NULL, NULL);
REPLACE INTO `sys_rule_action_param` (`objid`, `parentid`, `actiondefparam_objid`, `stringvalue`, `booleanvalue`, `var_objid`, `var_name`, `expr`, `exprtype`, `pos`, `obj_key`, `obj_value`, `listvalue`, `lov`, `rangeoption`) VALUES ('RULACT5ffbdc02:166e7b2c367:-6219', 'RACT5ffbdc02:166e7b2c367:-6229', 'rptis.landtax.actions.CalcInterest.rptledgeritem', NULL, NULL, 'RC70978a15:166ae6875d1:-7f22', 'RLI', NULL, NULL, NULL, NULL, NULL, NULL, NULL, NULL);
REPLACE INTO `sys_rule_action_param` (`objid`, `parentid`, `actiondefparam_objid`, `stringvalue`, `booleanvalue`, `var_objid`, `var_name`, `expr`, `exprtype`, `pos`, `obj_key`, `obj_value`, `listvalue`, `lov`, `rangeoption`) VALUES ('RULACT7c9b26f3:17c2a7f2220:-6ad7', 'RACT7c9b26f3:17c2a7f2220:-6afd', 'rptis.landtax.actions.CalcInterest.expr', NULL, NULL, NULL, NULL, 'TAX * NMON * 0.02', 'expression', NULL, NULL, NULL, NULL, NULL, NULL);
REPLACE INTO `sys_rule_action_param` (`objid`, `parentid`, `actiondefparam_objid`, `stringvalue`, `booleanvalue`, `var_objid`, `var_name`, `expr`, `exprtype`, `pos`, `obj_key`, `obj_value`, `listvalue`, `lov`, `rangeoption`) VALUES ('RULACT7c9b26f3:17c2a7f2220:-6aed', 'RACT7c9b26f3:17c2a7f2220:-6afd', 'rptis.landtax.actions.CalcInterest.rptledgeritem', NULL, NULL, 'RCOND7c9b26f3:17c2a7f2220:-7239', 'RLI', NULL, NULL, NULL, NULL, NULL, NULL, NULL, NULL);
REPLACE INTO `sys_rule_action_param` (`objid`, `parentid`, `actiondefparam_objid`, `stringvalue`, `booleanvalue`, `var_objid`, `var_name`, `expr`, `exprtype`, `pos`, `obj_key`, `obj_value`, `listvalue`, `lov`, `rangeoption`) VALUES ('RULACTec9d7ab:166235c2e16:-248e', 'RACTec9d7ab:166235c2e16:-249a', 'rptis.landtax.actions.AddBillItem.taxsummary', NULL, NULL, 'RCONDec9d7ab:166235c2e16:-24fc', 'RLTS', NULL, NULL, NULL, NULL, NULL, NULL, NULL, NULL);
REPLACE INTO `sys_rule_action_param` (`objid`, `parentid`, `actiondefparam_objid`, `stringvalue`, `booleanvalue`, `var_objid`, `var_name`, `expr`, `exprtype`, `pos`, `obj_key`, `obj_value`, `listvalue`, `lov`, `rangeoption`) VALUES ('RULACTec9d7ab:166235c2e16:-2e08', 'RACTec9d7ab:166235c2e16:-2e2e', 'rptis.landtax.actions.SetBillExpiryDate.expr', NULL, NULL, NULL, NULL, '@MONTHEND( CDATE )', 'expression', NULL, NULL, NULL, NULL, NULL, NULL);
REPLACE INTO `sys_rule_action_param` (`objid`, `parentid`, `actiondefparam_objid`, `stringvalue`, `booleanvalue`, `var_objid`, `var_name`, `expr`, `exprtype`, `pos`, `obj_key`, `obj_value`, `listvalue`, `lov`, `rangeoption`) VALUES ('RULACTec9d7ab:166235c2e16:-2e1e', 'RACTec9d7ab:166235c2e16:-2e2e', 'rptis.landtax.actions.SetBillExpiryDate.bill', NULL, NULL, 'RCONDec9d7ab:166235c2e16:-2ec7', 'BILL', NULL, NULL, NULL, NULL, NULL, NULL, NULL, NULL);
REPLACE INTO `sys_rule_action_param` (`objid`, `parentid`, `actiondefparam_objid`, `stringvalue`, `booleanvalue`, `var_objid`, `var_name`, `expr`, `exprtype`, `pos`, `obj_key`, `obj_value`, `listvalue`, `lov`, `rangeoption`) VALUES ('RULACTec9d7ab:166235c2e16:-35a7', 'RACTec9d7ab:166235c2e16:-35b3', 'rptis.landtax.actions.SplitLedgerItem.rptledgerite', NULL, NULL, 'RC7280357:166235c1be7:-7fc7', 'RLI', NULL, NULL, NULL, NULL, NULL, NULL, NULL, NULL);

set foreign_key_checks = 1 
;



update sys_rule set state = 'APPROVED' where objid = 'RULec9d7ab:166235c2e16:-3811';
delete from sys_rule_deployed where objid = 'RULec9d7ab:166235c2e16:-3811';

